pattern,signal,type,candles,guides,description,example_symbol,example_interval,example_dates,example_candles,example_guides,example_match
Head and Shoulders,bearish,Reversal,"80.77,82.41,80.1,82.11 | 82.11,83.8,82.08,83.51 | 83.51,85.06,83.14,84.6 | 84.6,86.42,84.25,86.22 | 86.22,87.52,85.59,87.47 | 87.47,89.76,87.27,88.92 | 88.92,90.17,87.89,89.59 | 89.59,92.91,89.39,91.92 | 91.92,94.94,91.54,94.41 | 94.41,95.48,94.21,95.22 | 95.22,96,94.15,95.42 | 95.42,95.67,93.97,94.89 | 94.89,95,93.19,93.32 | 93.32,93.53,92.45,92.78 | 92.78,93.58,90.19,90.5 | 90.5,91.03,90,90.86 | 90.86,92.69,90.78,92.21 | 92.21,95.06,91.58,94.56 | 94.56,97.4,94.24,97.19 | 97.19,98.44,96.92,98.19 | 98.19,102.43,97.7,101.89 | 101.89,103.97,101.52,103.71 | 103.71,106,103.37,105.13 | 105.13,105.16,103.1,104.2 | 104.2,104.37,100.24,100.97 | 100.97,101.39,97.27,97.52 | 97.52,97.8,94.45,94.78 | 94.78,95.36,92.92,93.11 | 93.11,94.41,90,90.97 | 90.97,92.11,90.65,91.07 | 91.07,92.94,90.89,92.46 | 92.46,93.65,92.14,93.36 | 93.36,95.26,93.25,94.77 | 94.77,95.71,93.98,95.2 | 95.2,97,94.89,96.36 | 96.36,96.44,95.58,95.95 | 95.95,96.45,93.5,93.52 | 93.52,93.62,92.08,92.75 | 92.75,92.99,90.3,90.52 | 90.52,91.31,88.14,88.66 | 88.66,88.94,87.14,88.92 | 88.92,89.67,87.23,87.25 | 87.25,87.78,85.74,86.52 | 86.52,87.39,85.29,85.29 | 85.29,85.86,83.44,84.09 | 84.09,84.32,81.41,82.4 | 82.4,82.47,81.3,81.97 | 81.97,81.98,80.46,80.76",8:90;42:90,"Three peaks after an uptrend, with the middle peak (the head) higher than the two shoulders on either side. A break below the neckline joining the two troughs signals a bearish reversal. The usual price target is the height from head to neckline, projected down from the break.",FX:GBPUSD,Daily,"2026-07-26,2026-07-27,2026-07-28,2026-07-29,2026-07-30,2026-08-02,2026-08-03,2026-08-04,2026-08-05,2026-08-06,2026-08-09,2026-08-10,2026-08-11,2026-08-12,2026-08-13,2026-08-16,2026-08-17,2026-08-18,2026-08-19,2026-08-20,2026-08-23,2026-08-24,2026-08-25,2026-08-26,2026-08-27,2026-08-30,2026-08-31,2026-09-01,2026-09-02,2026-09-03,2026-09-06,2026-09-07,2026-09-08,2026-09-09,2026-09-10,2026-09-13,2026-09-14,2026-09-15,2026-09-16,2026-09-17,2026-09-20,2026-09-21,2026-09-22,2026-09-23,2026-09-24","1.33407,1.33635,1.32843,1.32883 | 1.32883,1.33112,1.32734,1.32886 | 1.32886,1.33873,1.32768,1.33656 | 1.33656,1.34768,1.33328,1.34653 | 1.34653,1.34941,1.34001,1.3475 | 1.34858,1.35063,1.34175,1.34273 | 1.34273,1.34562,1.3419,1.34506 | 1.34506,1.34861,1.3439,1.34677 | 1.34677,1.34794,1.34484,1.34529 | 1.34529,1.35089,1.3434,1.34839 | 1.34904,1.35307,1.34795,1.35075 | 1.35075,1.35158,1.34922,1.35065 | 1.35065,1.35453,1.34876,1.34948 | 1.34948,1.3513,1.34742,1.34853 | 1.34853,1.3562,1.34759,1.35264 | 1.35286,1.35711,1.35262,1.35437 | 1.35437,1.35541,1.35195,1.35313 | 1.35313,1.36304,1.35231,1.36052 | 1.36052,1.36597,1.35934,1.36298 | 1.36298,1.36757,1.36184,1.36411 | 1.36189,1.3656,1.36189,1.36306 | 1.36306,1.36548,1.36219,1.36468 | 1.36468,1.36499,1.3583,1.35949 | 1.35949,1.36025,1.35707,1.35925 | 1.35925,1.35984,1.35267,1.35319 | 1.35312,1.35653,1.35248,1.35475 | 1.35475,1.35595,1.35061,1.3515 | 1.3515,1.35189,1.34744,1.3484 | 1.3484,1.35482,1.3477,1.35245 | 1.35245,1.3549,1.34817,1.35106 | 1.35087,1.35477,1.35054,1.354 | 1.354,1.35619,1.35215,1.35394 | 1.35394,1.35679,1.35298,1.35457 | 1.35457,1.35601,1.34912,1.35105 | 1.35105,1.35349,1.34648,1.3523 | 1.35168,1.35284,1.34639,1.34985 | 1.34985,1.35047,1.34641,1.34764 | 1.34764,1.34984,1.33721,1.33783 | 1.33783,1.34064,1.33361,1.33577 | 1.33577,1.33981,1.33355,1.33923 | 1.33836,1.34004,1.33651,1.33654 | 1.33654,1.33871,1.33214,1.33438 | 1.33438,1.3347,1.32235,1.32391 | 1.32391,1.3256,1.32042,1.32184 | 1.32184,1.32184,1.3209,1.32116",7:1.34743;39:1.34743,93
Double Top,bearish,Reversal,"80.52,82.82,79.8,82.03 | 82.03,83.97,81.64,83.88 | 83.88,85.08,83.46,84.67 | 84.67,86.85,84.59,86.75 | 86.75,88.58,86.19,87.96 | 87.96,89.62,87.42,89.26 | 89.26,91.58,88.54,91.15 | 91.15,92.85,91.05,92.05 | 92.05,94.09,91.5,93.78 | 93.78,95.98,93.25,95.97 | 95.97,97.6,95.71,97.37 | 97.37,98.73,97.28,98.67 | 98.67,100,98.15,99.42 | 99.42,99.45,98.47,98.73 | 98.73,99.06,96.84,97.99 | 97.99,98.01,95.8,95.91 | 95.91,96.09,94.53,94.72 | 94.72,95.19,92.89,93.52 | 93.52,93.56,92.05,92.42 | 92.42,92.5,91,91.74 | 91.74,92.3,91.6,92.18 | 92.18,93.94,92.09,93.37 | 93.37,95.06,92.67,94.32 | 94.32,95.93,94.12,95.9 | 95.9,97.23,95.75,96.75 | 96.75,98.03,96.44,97.66 | 97.66,98.42,97.64,98.31 | 98.31,100,97.97,99.59 | 99.59,99.59,97.83,98.02 | 98.02,98.2,96.17,96.28 | 96.28,96.9,95.44,95.51 | 95.51,96.1,92.94,93.47 | 93.47,93.55,91.64,92.29 | 92.29,92.49,90.72,90.94 | 90.94,91.11,88.69,89.17 | 89.17,89.35,87.99,88.08 | 88.08,88.39,87.54,87.63 | 87.63,88.01,85.02,85.63 | 85.63,85.74,85.11,85.22 | 85.22,85.43,83.46,83.54 | 83.54,83.66,82.92,83.24 | 83.24,83.85,81.09,81.76",10:100;29:100 | 12:91;37:91,"Two peaks at about the same price after an uptrend, separated by a trough. Buyers fail twice at the same resistance. The pattern confirms when price closes below the trough between the peaks. Also known as an M pattern.",FX:EURUSD,2-day,"2024-07-29,2024-07-31,2024-08-04,2024-08-06,2024-08-08,2024-08-12,2024-08-14,2024-08-18,2024-08-20,2024-08-22,2024-08-26,2024-08-28,2024-09-01,2024-09-03,2024-09-05,2024-09-09,2024-09-11,2024-09-15,2024-09-17,2024-09-19,2024-09-23,2024-09-25,2024-09-29,2024-10-01,2024-10-03,2024-10-07,2024-10-09,2024-10-13,2024-10-15,2024-10-17,2024-10-21,2024-10-23","1.08206,1.08493,1.07981,1.08256 | 1.08256,1.09266,1.07774,1.09085 | 1.09224,1.10089,1.08926,1.09296 | 1.09296,1.09452,1.08813,1.09186 | 1.09186,1.09393,1.0909,1.09313 | 1.09313,1.10474,1.09137,1.10122 | 1.10122,1.10294,1.09495,1.10265 | 1.10255,1.11304,1.10227,1.11295 | 1.11295,1.11741,1.10981,1.1112 | 1.1112,1.12016,1.11053,1.11609 | 1.11609,1.11906,1.11049,1.11195 | 1.11195,1.11398,1.10425,1.10453 | 1.10448,1.10774,1.10263,1.10431 | 1.10431,1.11197,1.10362,1.11102 | 1.11102,1.11554,1.10335,1.10348 | 1.10348,1.10548,1.10019,1.10119 | 1.10119,1.11019,1.10054,1.10719 | 1.10762,1.1146,1.10742,1.11132 | 1.11132,1.11888,1.1068,1.11611 | 1.11611,1.11815,1.10828,1.11108 | 1.11108,1.12138,1.1103,1.11322 | 1.11322,1.12027,1.11242,1.11593 | 1.115,1.12087,1.10454,1.10675 | 1.10675,1.10826,1.10079,1.10298 | 1.10298,1.10393,1.09509,1.09739 | 1.09739,1.09969,1.09358,1.09388 | 1.09388,1.09546,1.08996,1.09355 | 1.09313,1.09364,1.08815,1.08904 | 1.08904,1.09011,1.08107,1.08308 | 1.08308,1.08713,1.08107,1.08146 | 1.08146,1.08377,1.07608,1.07815 | 1.07815,1.0839,1.07701,1.07936",8:1.12077;22:1.12077 | 9:1.09875;28:1.09875,95
Triple Top,bearish,Reversal,"80.22,81.87,79.66,81.66 | 81.66,84.3,81.24,83.85 | 83.85,85.56,83.74,85.51 | 85.51,88.41,85.26,87.96 | 87.96,89.55,87.73,88.96 | 88.96,91.84,88.2,91.31 | 91.31,93.5,91.03,92.67 | 92.67,95.1,92.23,94.28 | 94.28,96.27,94.23,96.15 | 96.15,98.17,95.59,98.06 | 98.06,100,97.88,99.26 | 99.26,100.11,97.79,98.28 | 98.28,98.65,96.63,97.31 | 97.31,97.45,94.95,95.02 | 95.02,95.23,92.51,93.27 | 93.27,93.36,92,92.45 | 92.45,94.07,92.28,93.34 | 93.34,94.65,93.29,94.62 | 94.62,96.34,94.13,96.06 | 96.06,97.33,96.02,97.11 | 97.11,99.17,97.02,98.92 | 98.92,100,98.87,99.66 | 99.66,100.64,98.21,98.27 | 98.27,98.72,96.45,96.89 | 96.89,97.6,94.73,95.09 | 95.09,95.45,93.67,93.86 | 93.86,94.35,92,92.34 | 92.34,93.17,92.17,92.88 | 92.88,95.18,91.9,95.08 | 95.08,96.32,94.22,95.76 | 95.76,97.58,95.74,97.25 | 97.25,98.49,96.63,98.14 | 98.14,100,97.44,99.13 | 99.13,99.67,98.42,98.74 | 98.74,99,96.11,96.49 | 96.49,96.56,94.38,94.93 | 94.93,95.56,93,93.02 | 93.02,93.59,91.32,91.8 | 91.8,92.04,89.93,90.02 | 90.02,90.27,88.63,88.81 | 88.81,89.28,88.16,88.21 | 88.21,88.37,86.37,86.66 | 86.66,87.13,85.31,86.09 | 86.09,86.15,84.72,85.47 | 85.47,85.78,83.64,83.67 | 83.67,84.07,83.06,83.24",8:100;34:100 | 13:92;40:92,"Three peaks at about the same price after an uptrend. Resistance holds three times, and a close below the support line through the troughs confirms a bearish reversal.",NYSE:JPM,2-day,"2018-07-06,2018-07-10,2018-07-12,2018-07-16,2018-07-18,2018-07-20,2018-07-24,2018-07-26,2018-07-30,2018-08-01,2018-08-03,2018-08-07,2018-08-09,2018-08-13,2018-08-15,2018-08-17,2018-08-21,2018-08-23,2018-08-27,2018-08-29,2018-08-31,2018-09-05,2018-09-07,2018-09-11,2018-09-13,2018-09-17,2018-09-19,2018-09-21,2018-09-25,2018-09-27,2018-10-01,2018-10-03,2018-10-05,2018-10-09,2018-10-11,2018-10-15,2018-10-17,2018-10-19,2018-10-23,2018-10-25","103.12,107.46,102.2,107.28 | 108.02,108.4,106.21,106.39 | 107.42,107.8,105.14,106.36 | 107.05,110.93,106.98,110.5 | 110.42,112.12,109.73,109.89 | 110,114.24,109.78,113.35 | 113.55,115.52,113.38,115.18 | 115.42,116.3,114.58,116.03 | 116.28,117.61,114.82,114.95 | 115.75,116.69,114.33,116.15 | 116,117.53,115.94,117.12 | 117.74,118.29,117.28,117.79 | 117.51,117.72,114.68,115.73 | 115.56,115.88,113.65,114.65 | 113.82,115.31,112.97,114.77 | 114.64,115.07,114.11,114.62 | 115.37,116.39,114.78,114.97 | 114.96,115.22,114.43,114.68 | 115.22,117.28,115.17,116.14 | 116.35,116.37,114.98,115.19 | 114.83,115.24,113.63,115.15 | 115,115.7,113.5,114.1 | 114.5,114.97,113.63,113.71 | 113.54,114.88,112.85,113.08 | 113.37,114.49,112.67,113.5 | 113.79,114.66,113.3,114.3 | 114.44,119.24,114.44,118.63 | 119.13,119.23,116.43,116.72 | 117.04,117.97,114.66,115.02 | 115.42,115.76,112.52,112.84 | 113.37,114.61,112.81,113.97 | 114.94,116.81,114.21,115.27 | 115.83,116.1,113.35,115.32 | 114.67,115.03,111.47,111.47 | 110.97,111.47,105.6,106.95 | 107.2,108.85,106.32,108.62 | 108.38,110.8,107.81,108.09 | 107.65,109.22,106.11,106.36 | 104.2,106.16,102.91,103.29 | 104.18,105.9,102.73,103.42",7:118.29;29:118.29 | 11:112.82;35:112.82,91
Rounding Bottom,bullish,Reversal,"106.95,107.61,105.39,105.52 | 105.52,105.88,104.43,105.03 | 105.03,105.11,103.64,103.79 | 103.79,104.59,102.87,103.44 | 103.44,103.53,102,102.1 | 102.1,102.52,101.45,101.62 | 101.62,101.63,99.86,99.98 | 99.98,100.06,96.67,97.98 | 97.98,98.3,94.47,95.5 | 95.5,95.52,92.97,93.62 | 93.62,94.61,91.75,92.76 | 92.76,92.77,90.93,91.26 | 91.26,92.03,89.83,90.09 | 90.09,90.36,87.73,88.05 | 88.05,88.79,86.19,86.63 | 86.63,86.89,86.33,86.44 | 86.44,86.67,84.64,85.38 | 85.38,85.98,83.73,83.99 | 83.99,84.13,83.48,83.9 | 83.9,84.54,82.64,83.13 | 83.13,83.16,81.6,81.77 | 81.77,84.1,79.99,80.72 | 80.72,81.05,79.41,80.52 | 80.52,81.48,80.34,80.46 | 80.46,81.15,79.94,81.09 | 81.09,82.16,79.22,79.89 | 79.89,80.82,79.89,80.56 | 80.56,80.76,79.65,79.7 | 79.7,80.35,78.42,79.8 | 79.8,80.92,78.47,80.84 | 80.84,80.86,80.29,80.46 | 80.46,82.09,80.43,81.4 | 81.4,82.72,80.65,81.65 | 81.65,82.35,80.68,81.15 | 81.15,83.91,81.03,83.42 | 83.42,83.75,82.7,83.58 | 83.58,85.24,82.8,84.99 | 84.99,86.23,84.44,86.21 | 86.21,87.23,85.3,87.12 | 87.12,88.67,85.54,88.41 | 88.41,90.67,88.2,90.1 | 90.1,91.41,89.64,91.4 | 91.4,93.92,91.4,93.36 | 93.36,94.73,93.13,94.01 | 94.01,96.48,93.9,96.13 | 96.13,97.77,95.47,97.4 | 97.4,99.93,97.16,99.34 | 99.34,100.09,99.1,99.47 | 99.47,101.52,99.4,100.7 | 100.7,101.65,100.08,100.76 | 100.76,101.03,100.2,100.26 | 100.26,103.53,99.93,103.28 | 103.28,103.83,103.03,103.65 | 103.65,105.54,103.64,104.73 | 104.73,106.4,103.28,105.94 | 105.94,107.13,105.5,106.81 | 106.81,108.52,106.52,108.37",6:100;50:100,"A long, gradual U-shaped turn from a downtrend to an uptrend, as selling slowly fades and buying slowly builds. A move above the level where the decline began confirms it. Also known as a Saucer Bottom.",NASDAQ:TSLA,Daily,"2022-12-02,2022-12-05,2022-12-06,2022-12-07,2022-12-08,2022-12-09,2022-12-12,2022-12-13,2022-12-14,2022-12-15,2022-12-16,2022-12-19,2022-12-20,2022-12-21,2022-12-22,2022-12-23,2022-12-27,2022-12-28,2022-12-29,2022-12-30,2023-01-03,2023-01-04,2023-01-05,2023-01-06,2023-01-09,2023-01-10,2023-01-11,2023-01-12,2023-01-13,2023-01-17,2023-01-18,2023-01-19,2023-01-20,2023-01-23,2023-01-24,2023-01-25,2023-01-26,2023-01-27,2023-01-30,2023-01-31,2023-02-01,2023-02-02,2023-02-03,2023-02-06,2023-02-07,2023-02-08,2023-02-09,2023-02-10","191.78,196.25,191.11,194.86 | 189.44,191.27,180.55,182.45 | 181.22,183.65,175.33,179.82 | 175.03,179.38,172.22,174.04 | 172.2,175.2,169.06,173.44 | 173.84,182.5,173.36,179.05 | 176.1,177.37,167.52,167.82 | 174.87,175.05,156.91,160.95 | 159.25,161.62,155.31,156.8 | 153.44,160.93,153.28,157.67 | 159.63,160.99,150.04,150.23 | 154,155.25,145.82,149.87 | 146.05,148.47,137.66,137.8 | 139.34,141.26,135.89,137.57 | 136,136.63,122.26,125.35 | 126.37,128.62,121.02,123.15 | 117.5,119.67,108.76,109.1 | 110.35,116.27,108.24,112.71 | 120.39,123.57,117.5,121.82 | 119.95,124.48,119.75,123.18 | 118.47,118.8,104.64,108.1 | 109.11,114.59,107.52,113.64 | 110.51,111.75,107.16,110.34 | 103,114.39,101.81,113.06 | 118.96,123.52,117.11,119.77 | 121.07,122.76,114.92,118.85 | 122.09,125.95,120.51,123.22 | 122.56,124.13,117,123.56 | 116.55,122.63,115.6,122.4 | 125.69,131.7,125.02,131.49 | 136.56,136.68,127.01,128.78 | 127.26,129.99,124.31,127.17 | 128.68,133.51,127.35,133.42 | 135.87,145.38,134.27,143.75 | 143,146.5,141.1,143.89 | 141.91,146.41,138.07,144.43 | 159.97,161.42,154.76,160.27 | 162.43,180.68,161.17,177.9 | 178.05,179.77,166.5,166.66 | 164.57,174.3,162.78,173.22 | 173.89,183.81,169.93,181.41 | 187.32,196.75,182.61,188.27 | 183.95,199,183.69,189.98 | 193.01,198.17,189.92,194.76 | 196.43,197.5,189.55,196.81 | 196.1,203,194.31,201.29 | 207.78,214,204.77,207.32 | 202.22,206.2,192.89,196.89",5:178.15;42:178.15,98
Cup and Handle,bullish,Continuation,"83.41,85.47,83.05,84.92 | 84.92,88.83,83.99,88.32 | 88.32,91.6,88.05,90.83 | 90.83,92.71,89.84,92.32 | 92.32,95.45,92.27,94.97 | 94.97,97.73,94.92,97.42 | 97.42,100,97.33,99.3 | 99.3,100.34,97.66,98.65 | 98.65,99.14,97.71,98.1 | 98.1,99.23,95.17,95.28 | 95.28,96.13,92.15,93.06 | 93.06,93.59,91.98,92.83 | 92.83,92.88,90.09,90.47 | 90.47,90.89,89.68,90.14 | 90.14,90.25,88.14,88.84 | 88.84,89.52,88.61,88.76 | 88.76,88.95,86.3,86.81 | 86.81,86.93,85.91,86.53 | 86.53,87.55,84.19,85.17 | 85.17,86.76,84.62,85.47 | 85.47,85.53,83.89,84.74 | 84.74,85.17,84.34,84.85 | 84.85,84.94,84.79,84.93 | 84.93,85.79,84.78,85.62 | 85.62,87.08,85.12,86.25 | 86.25,87.08,85.63,86.38 | 86.38,86.81,86.29,86.62 | 86.62,88.22,85.96,87.93 | 87.93,89.41,87.65,88.75 | 88.75,91.05,88.01,90.67 | 90.67,91.17,89.75,91.08 | 91.08,93.4,91.06,92.58 | 92.58,95.07,91.91,94.8 | 94.8,95.76,94.76,95.63 | 95.63,98.04,95.37,97.07 | 97.07,99.68,96.62,98.4 | 98.4,100,98.37,98.76 | 98.76,99.62,98.35,99.61 | 99.61,100.63,97.26,97.82 | 97.82,99.33,97.5,98.52 | 98.52,98.54,97.87,98.29 | 98.29,98.5,97.3,97.72 | 97.72,97.81,96.95,97.53 | 97.53,97.76,96.5,96.96 | 96.96,98.49,96.66,98.06 | 98.06,99.88,97.67,99.28 | 99.28,101.07,99.23,100.07 | 100.07,102.91,99.71,102.23 | 102.23,104.01,101.92,103.54 | 103.54,104.25,102.75,104.16 | 104.16,105.07,103.91,104.91 | 104.91,106.95,104.55,106.6 | 106.6,108.58,106.22,108.14 | 108.14,109.34,107.98,109.1 | 109.1,110.1,108.82,109.66",6:100;47:100,"A rounded, U-shaped cup followed by a short, shallow pullback called the handle, both below a resistance level. A breakout above the rim continues the prior uptrend. Popularised by William O'Neil.",AMEX:SPY,Daily,"2024-03-15,2024-03-18,2024-03-19,2024-03-20,2024-03-21,2024-03-22,2024-03-25,2024-03-26,2024-03-27,2024-03-28,2024-04-01,2024-04-02,2024-04-03,2024-04-04,2024-04-05,2024-04-08,2024-04-09,2024-04-10,2024-04-11,2024-04-12,2024-04-15,2024-04-16,2024-04-17,2024-04-18,2024-04-19,2024-04-22,2024-04-23,2024-04-24,2024-04-25,2024-04-26,2024-04-29,2024-04-30,2024-05-01,2024-05-02,2024-05-03,2024-05-06,2024-05-07,2024-05-08,2024-05-09,2024-05-10,2024-05-13,2024-05-14,2024-05-15,2024-05-16,2024-05-17,2024-05-20,2024-05-21,2024-05-22,2024-05-23,2024-05-24,2024-05-28,2024-05-29,2024-05-30,2024-05-31,2024-06-03,2024-06-04,2024-06-05,2024-06-06,2024-06-07,2024-06-10,2024-06-11,2024-06-12,2024-06-13,2024-06-14,2024-06-17,2024-06-18,2024-06-20,2024-06-21","510.21,511.7,508.12,509.83 | 514,515.48,512.44,512.86 | 512.15,516,511.12,515.71 | 515.77,520.62,515.08,520.48 | 523.39,524.11,521.91,522.2 | 522.11,522.61,520.97,521.21 | 519.8,520.95,519.61,519.77 | 521.23,521.58,518.4,518.81 | 521.71,523.21,519.49,523.17 | 523.21,524.61,522.78,523.07 | 523.83,524.38,520.97,522.16 | 518.24,518.98,516.48,518.84 | 517.72,520.95,517.66,519.41 | 523.52,523.87,512.75,513.07 | 514.46,520.44,514.01,518.43 | 519.15,520.18,517.89,518.72 | 520.5,520.75,514.35,519.32 | 513.48,516.16,512.09,514.12 | 515.68,519.48,512.08,518 | 514.37,515.82,509.08,510.85 | 515.13,515.3,503.58,504.45 | 504.94,506.5,502.21,503.53 | 506.05,506.22,499.12,500.55 | 501.98,504.13,498.56,499.52 | 499.44,500.45,493.86,495.16 | 497.83,502.38,495.43,499.72 | 501.78,506.09,499.53,505.65 | 506.56,507.37,503.13,505.41 | 499.18,504.27,497.49,503.49 | 506.35,509.88,505.7,508.26 | 510.09,510.75,507.25,510.06 | 508.56,509.56,501.98,501.98 | 501.38,508.19,499.87,500.35 | 504.15,505.89,499.55,505.03 | 511.16,512.55,508.56,511.29 | 513.75,516.61,513.3,516.57 | 517.56,518.57,516.45,517.14 | 515.26,517.74,515.14,517.19 | 517.38,520.21,516.71,520.17 | 521.81,522.63,519.59,520.84 | 522.56,522.67,519.74,520.91 | 521.11,523.83,520.56,523.3 | 525.83,530.08,525.18,529.78 | 529.88,531.52,528.54,528.69 | 528.81,529.52,527.32,529.45 | 529.57,531.56,529.17,530.06 | 529.28,531.52,529.07,531.36 | 530.65,531.38,527.6,529.83 | 532.96,533.07,524.72,525.96 | 527.85,530.27,526.88,529.44 | 530.27,530.51,527.11,529.81 | 525.68,527.31,525.37,526.1 | 524.52,525.2,521.33,522.61 | 523.59,527.5,518.36,527.37 | 529.02,529.31,522.6,527.8 | 526.46,529.15,524.96,528.39 | 530.77,534.69,528.73,534.67 | 534.98,535.42,532.68,534.66 | 533.66,536.89,532.53,534.01 | 533.18,535.99,532.57,535.66 | 534.07,537.01,532.05,536.95 | 541.63,544.12,540.3,541.36 | 543.15,543.33,539.59,542.45 | 540.88,542.81,539.85,542.78 | 542.08,548.53,541.61,547.1 | 547.16,548.62,546.73,548.49 | 549.44,550.12,545.18,547 | 544.4,545.65,543.02,544.51",7:528.84;58:528.84,96
Rising Wedge,bearish,Reversal,"82.47,84.51,81.36,84.33 | 84.33,87.13,83.89,86.78 | 86.78,89.08,86.47,89.04 | 89.04,92.38,88.52,92.17 | 92.17,93.86,92.12,93.81 | 93.81,96.11,93.65,95.67 | 95.67,95.86,93.97,94.73 | 94.73,95.05,93.34,93.55 | 93.55,94.13,91.63,91.74 | 91.74,91.83,89.52,90.4 | 90.4,90.48,89.44,90.21 | 90.21,91.97,90.12,91.64 | 91.64,93.64,90.92,93.16 | 93.16,95.28,93.1,94.76 | 94.76,97.09,94.66,96.43 | 96.43,98.33,96.21,97.74 | 97.74,98.2,97.4,97.67 | 97.67,97.78,96.84,96.87 | 96.87,96.97,95.4,95.75 | 95.75,95.88,94.24,94.57 | 94.57,94.87,93.89,94.4 | 94.4,96.42,94.27,95.47 | 95.47,96.96,95.46,96.88 | 96.88,98.79,96.67,98.62 | 98.62,99.56,98.15,99.36 | 99.36,100.56,99.22,100.02 | 100.02,100.28,98.97,99.68 | 99.68,100.34,98.86,99.4 | 99.4,99.83,98.86,98.97 | 98.97,99.52,97.89,98.2 | 98.2,98.91,97.81,98.29 | 98.29,100.61,97.91,100.42 | 100.42,100.97,100.14,100.65 | 100.65,102.33,100.11,101.87 | 101.87,102.16,101.15,101.34 | 101.34,101.48,99.15,99.2 | 99.2,99.31,98.17,98.35 | 98.35,98.56,97.26,97.52 | 97.52,97.6,96.28,96.39 | 96.39,96.74,94.19,94.65 | 94.65,94.79,93.52,93.71 | 93.71,94.06,91.55,91.72 | 91.72,91.86,89.66,90.16 | 90.16,90.57,89.19,89.56 | 89.56,89.57,88.27,88.39",0:95;36:103 | 0:85;36:101,"Price rises between two upward-sloping lines that converge, with the lower line rising faster. Each new high gains less ground, and a break below the lower line usually leads to a drop. Can appear as a reversal at the top of an uptrend or as a bearish continuation within a downtrend.",NASDAQ:INTC,2-day,"2020-12-30,2021-01-04,2021-01-06,2021-01-08,2021-01-12,2021-01-14,2021-01-19,2021-01-21,2021-01-25,2021-01-27,2021-01-29,2021-02-02,2021-02-04,2021-02-08,2021-02-10,2021-02-12,2021-02-17,2021-02-19,2021-02-23,2021-02-25,2021-03-01,2021-03-03,2021-03-05,2021-03-09,2021-03-11,2021-03-15,2021-03-17,2021-03-19,2021-03-23,2021-03-25,2021-03-29,2021-03-31,2021-04-05,2021-04-07,2021-04-09,2021-04-13,2021-04-15,2021-04-19,2021-04-21,2021-04-23,2021-04-27,2021-04-29,2021-05-03,2021-05-05,2021-05-07,2021-05-11","49.11,50.19,48.56,49.82 | 49.89,51.39,49.33,50.61 | 50.44,52.69,50.2,52.19 | 52.45,52.53,51.25,51.54 | 51.9,60.25,51.56,56.95 | 58.45,60.14,57.5,57.58 | 57.94,59.22,57.1,58.67 | 59.04,63.95,56.65,56.66 | 56.38,56.5,54.06,55.21 | 54.61,57.4,53.3,56.06 | 55.98,57.39,55.35,56.69 | 57.19,58.33,56.88,57.68 | 57.61,59.08,57.19,58.18 | 58.38,59.31,57.94,58.78 | 59.3,60.99,58.12,60.66 | 60.6,62.87,60.43,62.47 | 61.49,62.19,60.64,61.61 | 61.91,63.26,60.66,60.71 | 60.48,63.28,59.17,63.19 | 62.41,63.54,59.68,60.78 | 61.72,63.14,61.11,61.24 | 60.64,61.52,57.91,58.33 | 59.26,61.7,58.51,59.85 | 61.18,64.12,60.84,62.25 | 62.94,64.09,62.24,62.9 | 63.61,65.73,62.48,64.78 | 64.22,66.29,63.65,63.73 | 63.18,66.38,62.92,65.63 | 66,67.44,61.99,62.04 | 61.66,64.97,60.98,64.87 | 64.01,65.12,63.15,63.77 | 64.01,64.89,63.58,64.55 | 64.95,66.74,64.7,65.56 | 65.67,67.29,65.36,67.05 | 66.8,68.49,64.71,65.41 | 65.61,65.63,63.84,64.19 | 63.97,65.52,63.68,64.75 | 64.7,64.74,62.41,62.7 | 62.79,63.91,62.28,62.57 | 59.16,60,57.9,58.76 | 58.55,58.63,57.15,57.62 | 57.88,58.43,57.07,57.53 | 57.85,57.88,55.81,56.9 | 56.96,57.3,56.24,57.19 | 57.7,58.01,55.88,55.97 | 55.05,55.63,53.42,53.62",0:61.66;37:68.69 | 0:49.85;37:64.05,93
Ascending Triangle,bullish,Continuation,"75.62,79.9,75.61,79.78 | 79.78,85.22,79.01,85.02 | 85.02,90.6,84.87,90.04 | 90.04,95.56,89.63,95.17 | 95.17,100,95.09,98.03 | 98.03,98.05,96.74,96.93 | 96.93,98.87,95.75,96.04 | 96.04,97.09,92.58,93.53 | 93.53,94.14,91.15,91.56 | 91.56,91.66,89.25,90.23 | 90.23,91.63,90.09,90.9 | 90.9,93.75,90.63,92.96 | 92.96,94.15,92.51,93.85 | 93.85,99.33,93.47,97.23 | 97.23,100,97.05,99.35 | 99.35,100.24,97.32,98.74 | 98.74,98.86,96.21,97.31 | 97.31,97.65,95.67,95.81 | 95.81,96.19,94.03,94.73 | 94.73,94.82,92.86,93.5 | 93.5,94.34,93.23,94 | 94,96.53,93.42,96.22 | 96.22,97.63,96,97.17 | 97.17,99.45,97.12,98.5 | 98.5,100,98.38,99.51 | 99.51,99.93,99.25,99.69 | 99.69,99.97,98.02,98.04 | 98.04,99.3,96.32,96.74 | 96.74,98.23,96.11,97.47 | 97.47,97.56,96.49,97.3 | 97.3,99.39,96.96,98.58 | 98.58,99.52,97.59,98.72 | 98.72,100,98.24,99.4 | 99.4,100.02,98.9,100.01 | 100.01,100.78,98.28,98.99 | 98.99,100.6,98.34,98.72 | 98.72,102.24,98.01,101.15 | 101.15,103.25,101.02,102.93 | 102.93,103.82,102.82,103.08 | 103.08,103.38,102.77,102.77 | 102.77,105.08,102.4,104.67 | 104.67,106.01,103.55,105.5 | 105.5,106.59,104.89,106.11 | 106.11,107.57,105.85,107.5 | 107.5,108.35,107.08,108.02 | 108.02,110.68,107.66,109.22 | 109.22,109.5,109.02,109.36",2:100;38:100 | 2:87;36:99.5,"A flat resistance line on top and a rising support line underneath. Buyers make higher lows while sellers hold one price, and a breakout above resistance usually continues the uptrend.",NASDAQ:TSLA,Daily,"2020-04-08,2020-04-09,2020-04-13,2020-04-14,2020-04-15,2020-04-16,2020-04-17,2020-04-20,2020-04-21,2020-04-22,2020-04-23,2020-04-24,2020-04-27,2020-04-28,2020-04-29,2020-04-30,2020-05-01,2020-05-04,2020-05-05,2020-05-06,2020-05-07,2020-05-08,2020-05-11,2020-05-12,2020-05-13,2020-05-14,2020-05-15,2020-05-18,2020-05-19,2020-05-20,2020-05-21,2020-05-22,2020-05-26,2020-05-27,2020-05-28,2020-05-29,2020-06-01,2020-06-02,2020-06-03,2020-06-04,2020-06-05,2020-06-08,2020-06-09,2020-06-10,2020-06-11","36.95,37.15,35.56,36.59 | 37.47,38.35,37.14,38.2 | 39.34,43.47,38.7,43.4 | 46.6,49.46,46.16,47.33 | 49.47,50.21,47.33,48.66 | 47.8,50.63,47.11,49.68 | 51.49,51.66,49.84,50.26 | 48.85,51.04,47.48,49.76 | 48.67,50.22,44.92,45.78 | 46.93,48.93,45.91,48.81 | 48.51,48.93,46.88,47.04 | 47.39,48.72,46.55,48.34 | 49.17,53.3,49,53.25 | 53.04,53.67,50.45,51.27 | 52.68,53.55,52.21,53.37 | 57.01,57.99,50.9,52.13 | 50.33,51.52,45.54,46.75 | 46.73,50.8,46.53,50.75 | 52.65,53.26,50.81,51.21 | 51.77,52.65,50.74,52.17 | 51.81,53.09,51.49,52 | 52.92,54.93,52.47,54.63 | 52.7,54.93,52.33,54.09 | 55.13,56.22,53.87,53.96 | 54.72,55.07,50.89,52.73 | 52,53.56,50.93,53.56 | 52.69,53.67,52.44,53.28 | 55.19,55.65,53.59,54.24 | 54.34,54.8,53.74,53.87 | 54.7,55.07,54.12,54.37 | 54.4,55.5,53.07,55.17 | 54.81,55.45,54.13,54.46 | 55.63,55.64,54.38,54.59 | 54.72,55.18,52.33,54.68 | 54.23,54.98,53.45,53.72 | 53.92,55.67,53.61,55.67 | 57.2,59.93,56.94,59.87 | 59.65,60.58,58.07,58.77 | 59.21,59.86,58.67,58.86 | 59.33,59.72,57.23,57.63 | 58.52,59.1,57.75,59.04 | 61.27,63.33,60.61,63.33 | 62.67,63.63,61.6,62.71 | 66.13,68.5,65.5,68.34 | 66.01,67.93,64.8,64.86",2:55.93;36:55.93 | 2:42.37;34:52.98,94
Symmetrical Triangle,neutral,Bilateral,"91.24,95.86,91.2,95.38 | 95.38,98.03,94.25,97.84 | 97.84,102.04,97.52,101.64 | 101.64,105.4,101.58,105.05 | 105.05,105.16,100.6,101.4 | 101.4,102.07,96.82,97.47 | 97.47,98.12,92.95,93.52 | 93.52,93.6,89.74,90.03 | 90.03,90.97,86.4,86.75 | 86.75,91.03,86.51,90.3 | 90.3,93.74,90.28,93.45 | 93.45,96.66,93.38,96.33 | 96.33,101.11,96.22,100.48 | 100.48,103.4,100.43,102.73 | 102.73,103.29,99.93,100.03 | 100.03,100.15,97.31,97.42 | 97.42,97.46,94.4,94.98 | 94.98,94.98,91.56,92.14 | 92.14,92.38,89.4,89.83 | 89.83,92.18,89.43,91.6 | 91.6,94.28,91.35,94.16 | 94.16,97.02,93.76,97.02 | 97.02,99.24,96.61,99.16 | 99.16,101.4,99.1,100.9 | 100.9,101.14,98.88,99.4 | 99.4,99.45,97.25,97.32 | 97.32,97.4,95.43,95.74 | 95.74,95.99,93.85,94.29 | 94.29,94.96,92.4,92.84 | 92.84,94.32,92.48,94.28 | 94.28,96.46,93.83,95.83 | 95.83,98.34,95.69,97.94 | 97.94,99.6,97.67,98.83 | 98.83,98.99,98.71,98.87 | 98.87,98.95,96.4,96.48 | 96.48,96.9,95.64,95.98 | 95.98,96.13,94.8,95.08 | 95.08,97,94.44,96.32 | 96.32,97.47,96.18,97.25 | 97.25,98.88,97.2,98.37",2:105.6;39:98.2 | 2:84.6;39:95.7,"Lower highs and higher lows squeeze price into a narrowing triangle with no side in control. Price can break out either way, so traders wait for the break. It more often continues the trend that came before it. Also known as a Coil.",NASDAQ:TSLA,Daily,"2020-08-26,2020-08-27,2020-08-28,2020-08-31,2020-09-01,2020-09-02,2020-09-03,2020-09-04,2020-09-08,2020-09-09,2020-09-10,2020-09-11,2020-09-14,2020-09-15,2020-09-16,2020-09-17,2020-09-18,2020-09-21,2020-09-22,2020-09-23,2020-09-24,2020-09-25,2020-09-28,2020-09-29,2020-09-30,2020-10-01,2020-10-02,2020-10-05,2020-10-06,2020-10-07,2020-10-08,2020-10-09,2020-10-12,2020-10-13,2020-10-14,2020-10-15,2020-10-16,2020-10-19,2020-10-20,2020-10-21,2020-10-22,2020-10-23,2020-10-26","137.33,144.4,136.91,143.54 | 145.36,153.04,142.83,149.25 | 153.01,154.57,145.77,147.56 | 148.2,166.71,146.7,166.11 | 167.38,167.5,156.84,158.35 | 159.66,159.68,135.04,149.12 | 135.74,143.93,134,135.67 | 134.27,142.67,124.01,139.44 | 118.67,122.91,109.96,110.07 | 118.87,123,113.84,122.09 | 128.74,133,120.19,123.78 | 127.31,127.5,120.17,124.24 | 126.98,140,124.43,139.87 | 145.52,153.98,143.57,149.92 | 146.62,152.6,145.1,147.25 | 138.53,145.93,136,141.14 | 149.31,150.33,142.93,147.38 | 151.04,151.89,135.69,149.8 | 143.2,145.92,139.2,141.41 | 135.05,137.38,125.29,126.79 | 121.27,133.17,117.1,129.26 | 131.16,136.24,130.43,135.78 | 141.54,142.69,138.52,140.4 | 138.67,142.83,137.2,139.69 | 140.44,144.64,140.16,143 | 146.92,149.63,144.81,149.39 | 140.46,146.38,138.33,138.36 | 141.12,144.55,139.78,141.89 | 141.26,142.93,135.35,137.99 | 139.96,143.3,137.95,141.77 | 146.15,146.33,141.77,141.97 | 143.38,144.86,142.15,144.67 | 147.33,149.58,146.19,147.43 | 147.78,149.63,145.53,148.88 | 149.93,155.3,149.12,153.77 | 150.1,152.19,147.5,149.63 | 151.48,151.98,146.28,146.56 | 148.75,149,142.96,143.61 | 143.92,143.92,139.68,140.65 | 140.9,144.32,140.42,140.88 | 147.31,148.41,141.5,141.93 | 140.61,140.96,135.79,140.21 | 137.21,141.92,136.67,140.09",2:163.41;42:147.39 | 2:105.36;42:139.86,79
Bull Flag,bullish,Continuation,"82.99,83.98,82.25,82.47 | 82.47,85.4,81.28,84.66 | 84.66,86.79,84.14,86.07 | 86.07,87.94,85.98,86.62 | 86.62,87.26,86.49,86.8 | 86.8,90.96,86.52,90.74 | 90.74,94.96,90.46,94.27 | 94.27,97.64,93.71,97.54 | 97.54,102.94,96.78,101.54 | 101.54,105,100.19,103.8 | 103.8,104.1,101.45,102.48 | 102.48,103.36,99.47,100.86 | 100.86,101.44,99.33,100.11 | 100.11,101.39,99.69,101.36 | 101.36,103.2,100.83,102.88 | 102.88,103.65,102.4,102.48 | 102.48,102.86,99.94,100.87 | 100.87,101.91,99.3,100.07 | 100.07,100.38,98.79,99.2 | 99.2,99.64,97.75,99.03 | 99.03,100.84,97.91,99.24 | 99.24,101.17,98.14,100.52 | 100.52,102.08,99.48,101.01 | 101.01,101.33,99.83,100.72 | 100.72,101.3,99.1,99.5 | 99.5,100.39,97.18,98.78 | 98.78,99.29,96.17,97.65 | 97.65,98.28,95.28,97.38 | 97.38,99.52,97.31,98.51 | 98.51,101.62,97.33,101.61 | 101.61,102.69,100.57,101.99 | 101.99,103.46,101.31,103.07 | 103.07,105.8,102.78,105.28 | 105.28,106.75,105.09,106.63 | 106.63,110.53,106.15,110.07 | 110.07,110.97,109.96,110.56 | 110.56,115.19,109.93,114.53 | 114.53,114.99,113.28,114.5 | 114.5,117.95,113.6,117.54",9:105;31:100 | 11:100;31:95,"A sharp rally (the flagpole) followed by a short, orderly pullback inside a small downward-sloping channel (the flag). A breakout above the flag usually continues the rally by about the length of the pole.",FX:EURUSD,5-day,"2020-06-16,2020-06-23,2020-06-30,2020-07-07,2020-07-14,2020-07-21,2020-07-28,2020-08-04,2020-08-11,2020-08-18,2020-08-25,2020-09-01,2020-09-08,2020-09-15,2020-09-22,2020-09-29,2020-10-06,2020-10-13,2020-10-20,2020-10-27,2020-11-03,2020-11-10,2020-11-17,2020-11-24,2020-12-01,2020-12-08,2020-12-15,2020-12-22","1.12629,1.13487,1.11683,1.13073 | 1.13073,1.13258,1.11904,1.12331 | 1.12331,1.13454,1.11852,1.12731 | 1.12731,1.14088,1.12549,1.13995 | 1.13995,1.15398,1.13705,1.15266 | 1.15266,1.17814,1.15071,1.17152 | 1.17152,1.1909,1.16957,1.18023 | 1.18023,1.19162,1.1722,1.17397 | 1.17397,1.19656,1.17111,1.19313 | 1.19313,1.19527,1.1754,1.18344 | 1.18344,1.20114,1.17621,1.19113 | 1.19113,1.19288,1.17654,1.17741 | 1.17741,1.19177,1.17527,1.18461 | 1.18461,1.18827,1.16916,1.17077 | 1.17077,1.17455,1.16121,1.17425 | 1.17425,1.18078,1.16843,1.17334 | 1.17334,1.18309,1.1725,1.17433 | 1.17433,1.18408,1.16886,1.18213 | 1.18213,1.18808,1.17868,1.17947 | 1.17947,1.17973,1.16222,1.17112 | 1.17112,1.19201,1.16025,1.1813 | 1.1813,1.18938,1.17454,1.18615 | 1.18615,1.19061,1.18,1.18898 | 1.18898,1.20767,1.18819,1.20674 | 1.20674,1.21776,1.20401,1.21012 | 1.21012,1.21768,1.20586,1.21501 | 1.21501,1.22728,1.21251,1.2161 | 1.2161,1.23101,1.2154,1.22927",6:1.20169;22:1.18454 | 8:1.16962;22:1.15695,97
Bull Pennant,bullish,Continuation,"83.57,84.71,82.27,84.29 | 84.29,85.63,84.14,84.16 | 84.16,86.12,83.75,85.64 | 85.64,87.4,85.1,86.46 | 86.46,88.54,85.73,87.52 | 87.52,90.7,87.5,90.32 | 90.32,93.99,89.59,92.9 | 92.9,99.71,92.56,98.49 | 98.49,101.01,97.91,100.46 | 100.46,105,99.71,104.46 | 104.46,104.86,102.06,102.59 | 102.59,103.1,98.19,99.49 | 99.49,99.73,96.5,97.52 | 97.52,98.62,96.34,98.38 | 98.38,101.28,98.31,101.19 | 101.19,103.57,100.72,102.6 | 102.6,103.05,101.75,101.98 | 101.98,102.69,98.94,99.47 | 99.47,99.77,98.15,98.92 | 98.92,99.74,97.67,99.1 | 99.1,100.66,98.8,99.71 | 99.71,100.44,98.99,100.28 | 100.28,101.9,99.79,100.7 | 100.7,100.79,100.05,100.68 | 100.68,100.77,99.7,99.95 | 99.95,100.04,98.67,99.33 | 99.33,100.65,97.53,100.26 | 100.26,100.71,99.3,99.59 | 99.59,100.16,99.08,99.97 | 99.97,100.15,99.33,99.92 | 99.92,102.16,99.65,101.66 | 101.66,103.46,101.65,103.27 | 103.27,104.82,102.32,104.26 | 104.26,105.26,104.23,105.05 | 105.05,107.82,105.03,107.72 | 107.72,109.56,106.08,109.26 | 109.26,111.82,109.16,111.64 | 111.64,113.81,111.48,113.71 | 113.71,116.02,113.48,115.63 | 115.63,116.73,115.03,116.22",9:105;31:99.8 | 11:96.3;31:99.7,A sharp rally followed by a brief pause in a small symmetrical triangle (the pennant). A breakout above the pennant usually continues the rally.,NASDAQ:MSFT,2-day,"2023-10-20,2023-10-24,2023-10-26,2023-10-30,2023-11-01,2023-11-03,2023-11-07,2023-11-09,2023-11-13,2023-11-15,2023-11-17,2023-11-21,2023-11-24,2023-11-28,2023-11-30,2023-12-04,2023-12-06,2023-12-08,2023-12-12,2023-12-14,2023-12-18,2023-12-20,2023-12-22,2023-12-27,2023-12-29,2024-01-03,2024-01-05,2024-01-09,2024-01-11,2024-01-16,2024-01-18,2024-01-22,2024-01-24,2024-01-26","331.72,332.73,324.39,329.32 | 331.3,346.2,327.6,340.67 | 340.54,341.63,326.94,329.81 | 333.41,339.45,331.83,338.11 | 339.79,348.83,339.65,348.32 | 349.63,357.54,347.33,356.53 | 359.4,363.87,357.63,363.2 | 362.3,370.1,360.36,369.67 | 368.22,371.95,365.9,370.27 | 371.28,376.35,367.11,376.17 | 373.61,378.87,367,377.44 | 375.67,379.79,371.12,377.85 | 377.33,380.64,375.13,378.61 | 378.35,384.3,377.44,378.85 | 378.49,380.09,371.31,374.51 | 369.1,373.07,362.9,372.52 | 373.54,374.18,366.32,370.95 | 369.2,374.46,366.1,371.3 | 370.85,377.64,370.46,374.37 | 373.31,373.76,364.13,370.73 | 369.45,373.26,368.68,373.26 | 375,376.03,370.04,373.54 | 373.68,376.94,372.71,374.66 | 373.69,376.46,372.81,375.28 | 376,377.16,366.77,370.87 | 369.01,373.26,367.17,367.94 | 368.97,375.2,366.5,374.69 | 372.01,384.17,371.19,382.77 | 386,390.68,380.38,388.47 | 393.66,394.03,384.81,389.47 | 391.72,398.67,390.12,398.67 | 400.02,400.62,393.59,398.9 | 401.54,407.01,400.45,404.87 | 404.37,409.98,402.43,409.72",8:381.91;26:376.63 | 9:364.49;26:365.27,97
Bullish Rectangle,bullish,Continuation,"79,81.78,78.66,81.53 | 81.53,86.04,81.14,85.12 | 85.12,89.39,84.39,88.27 | 88.27,91.77,88.25,90.96 | 90.96,94.91,90.89,94.35 | 94.35,97.19,94,96.52 | 96.52,100,96.43,99.46 | 99.46,100.81,98.08,98.12 | 98.12,98.13,96.68,97.69 | 97.69,97.93,94.58,95.19 | 95.19,95.3,92.69,93.57 | 93.57,93.71,92,93.02 | 93.02,93.57,91.85,93.08 | 93.08,95.56,92.86,95.53 | 95.53,97.25,95.47,96.52 | 96.52,99.11,96.2,99.02 | 99.02,100,97.43,99.53 | 99.53,99.91,98.46,98.56 | 98.56,99.26,95.48,96.22 | 96.22,96.41,94.34,94.37 | 94.37,94.58,92.3,93.42 | 93.42,94.57,92,92.93 | 92.93,95.19,92.26,94.74 | 94.74,95.39,94.65,95.25 | 95.25,97.06,94.33,96.77 | 96.77,99.73,95.95,98.4 | 98.4,100,97.73,99.41 | 99.41,99.86,98.4,98.46 | 98.46,99.31,96.58,96.96 | 96.96,97.28,93.36,94.06 | 94.06,94.77,92.87,93.54 | 93.54,94.17,92,92.89 | 92.89,93.47,92.84,93.32 | 93.32,96.04,93.12,95.77 | 95.77,96.75,95.59,96.49 | 96.49,98.5,96.35,98.07 | 98.07,100,96.95,99.01 | 99.01,99.69,98.13,98.53 | 98.53,99,94.83,95.69 | 95.69,95.79,94.08,94.79 | 94.79,95.52,92,92.48 | 92.48,95.99,92.16,95.29 | 95.29,97.86,94.04,97.61 | 97.61,100.7,97.03,100.54 | 100.54,103.83,100.31,103.48 | 103.48,104.37,102.78,104.13 | 104.13,106.05,103.37,104.75 | 104.75,106.78,104.08,106.45 | 106.45,107.24,106.4,106.98 | 106.98,108.26,106.71,108.26 | 108.26,108.66,107.61,108.37 | 108.37,110.35,107.61,110.01",5:100;45:100 | 9:92;42:92,"In an uptrend, price pauses and trades sideways between flat support and resistance. A breakout above the top of the range continues the uptrend. Also known as a Trading Range or Consolidation.",BITSTAMP:ETHUSD,2-day,"2025-05-03,2025-05-05,2025-05-07,2025-05-09,2025-05-11,2025-05-13,2025-05-15,2025-05-17,2025-05-19,2025-05-21,2025-05-23,2025-05-25,2025-05-27,2025-05-29,2025-05-31,2025-06-02,2025-06-04,2025-06-06,2025-06-08,2025-06-10,2025-06-12,2025-06-14,2025-06-16,2025-06-18,2025-06-20,2025-06-22,2025-06-24,2025-06-26,2025-06-28,2025-06-30,2025-07-02,2025-07-04,2025-07-06,2025-07-08,2025-07-10,2025-07-12,2025-07-14,2025-07-16,2025-07-18,2025-07-20,2025-07-22","1842.1,1849.4,1803.9,1808.7 | 1808.3,1832.6,1753.2,1816.4 | 1816.8,2225,1788,2208.4 | 2206.8,2600,2184.6,2585.2 | 2584.5,2624.5,2407.5,2495.5 | 2495.5,2738.9,2415.9,2610.2 | 2610.1,2649,2478.8,2536.5 | 2537.4,2587.7,2325,2499.6 | 2499.4,2587.9,2349.5,2524.6 | 2525.7,2692.2,2454,2665.8 | 2663.3,2734,2500,2531.1 | 2531.7,2600.6,2465.4,2564.8 | 2564.6,2713.8,2512,2682.3 | 2682.5,2789,2510,2532.2 | 2531,2551.8,2464.5,2539.2 | 2540.3,2657.3,2476.6,2594.9 | 2593.8,2680,2391.8,2415.5 | 2415.3,2546.1,2385.1,2525.9 | 2526,2695,2479,2681.3 | 2681.1,2880.3,2656.7,2772.5 | 2772.2,2784.6,2439.9,2580.3 | 2579.9,2580.3,2489.9,2548 | 2548.5,2681.1,2436.4,2509.9 | 2510.4,2548.6,2466.5,2521.3 | 2522.2,2569.4,2218.6,2295.7 | 2299.1,2439.2,2115.6,2413.6 | 2413.9,2482.8,2379.1,2419.9 | 2420.3,2521.1,2384.5,2424.3 | 2424.6,2525,2407.3,2501.4 | 2501.5,2523.6,2385.1,2405.7 | 2405.7,2636.8,2374.6,2592 | 2592.5,2603.3,2475.4,2517 | 2517.9,2605.5,2504.2,2542.6 | 2542.3,2795.5,2523.8,2769.9 | 2769.9,3039.7,2756.5,2959.3 | 2959.4,3020.9,2905.5,2973.7 | 2974.1,3143.2,2927.2,3140 | 3138.6,3526.8,3101.8,3480 | 3479.8,3676.2,3463.5,3593.9 | 3594.4,3859.3,3581.9,3763.3 | 3765.6,3799.8,3529.8,3630.3",4:2763.95;35:2763.95 | 7:2349.8;33:2349.8,92
Ascending Channel,bullish,Continuation,"83.13,85.46,83.01,84.92 | 84.92,86.84,84.91,86.5 | 86.5,88.68,86.35,88.58 | 88.58,90.7,88.4,90.51 | 90.51,93.58,89.94,93.01 | 93.01,94.88,92.88,93.67 | 93.67,94.51,93.4,93.91 | 93.91,94.35,91.17,91.92 | 91.92,92.79,91.81,92.06 | 92.06,92.34,90.8,90.87 | 90.87,91.23,88.75,89.3 | 89.3,91.16,88.69,90.91 | 90.91,93.5,90.6,93.01 | 93.01,94.97,92.78,94.77 | 94.77,97.11,94.35,96.82 | 96.82,98.62,95.75,97.92 | 97.92,98.05,97.54,97.88 | 97.88,97.98,96.02,96.3 | 96.3,96.35,94.31,94.47 | 94.47,94.77,93.6,94.11 | 94.11,95.05,92.5,93.07 | 93.07,94.52,92.9,94.37 | 94.37,96.93,92.76,96.62 | 96.62,99.26,96.38,98.75 | 98.75,99.78,98.7,99.62 | 99.62,102.38,99.08,101.82 | 101.82,102.28,100.98,101.46 | 101.46,101.79,99.24,99.28 | 99.28,100.21,98.63,99.24 | 99.24,99.26,98,98.52 | 98.52,99.1,96.25,96.72 | 96.72,99.19,96.27,98.62 | 98.62,100.3,98.35,100.14 | 100.14,101.73,99.39,101.51 | 101.51,104.85,100.94,104.74 | 104.74,106.12,103.89,104.69 | 104.69,105.17,104.69,104.83 | 104.83,105.34,103.87,104.4 | 104.4,105.31,102.09,102.1 | 102.1,102.92,100.87,101.46 | 101.46,101.56,100,100.53 | 100.53,101.15,99.9,101.06 | 101.06,103.38,100.56,103.12 | 103.12,105.62,102.99,105.49 | 105.49,108.76,104.95,107.75 | 107.75,109.88,107.28,109.24 | 109.24,109.64,106.97,107.87 | 107.87,107.92,105.21,105.26 | 105.26,105.63,103.3,103.31",0:93;48:111 | 0:85;48:103,"Price moves higher between two parallel, upward-sloping lines. Higher highs and higher lows define the uptrend, with the lower line acting as support. Also known as a Rising Channel or Up Channel.",NYSE:NKE,Daily,"2020-10-30,2020-11-02,2020-11-03,2020-11-04,2020-11-05,2020-11-06,2020-11-09,2020-11-10,2020-11-11,2020-11-12,2020-11-13,2020-11-16,2020-11-17,2020-11-18,2020-11-19,2020-11-20,2020-11-23,2020-11-24,2020-11-25,2020-11-27,2020-11-30,2020-12-01,2020-12-02,2020-12-03,2020-12-04,2020-12-07,2020-12-08,2020-12-09,2020-12-10,2020-12-11,2020-12-14,2020-12-15,2020-12-16,2020-12-17,2020-12-18,2020-12-21,2020-12-22,2020-12-23,2020-12-24,2020-12-28,2020-12-29,2020-12-30,2020-12-31,2021-01-04,2021-01-05,2021-01-06,2021-01-07,2021-01-08,2021-01-11,2021-01-12,2021-01-13,2021-01-14","123.66,123.66,118.8,120.08 | 122.37,124.1,121.1,122.39 | 124.01,125.5,123.19,124.59 | 125.33,128.93,125.26,127.34 | 129.19,130.41,128.46,129.7 | 129.91,129.91,128.35,128.9 | 135.06,136.35,128.77,128.95 | 130.05,130.12,126.25,127.71 | 128.69,129.8,127.18,127.66 | 126.62,127.84,125.62,126.64 | 127.91,128.6,126.83,128.28 | 129.46,130.32,127.37,130.11 | 130.48,132.6,129.11,132.21 | 133.07,133.98,131.53,131.63 | 131.92,132.11,129.93,131.91 | 133.3,133.53,131.91,132.98 | 134.38,134.89,133.09,134.13 | 135,135.99,134.21,134.7 | 134.25,135.8,133.62,135.54 | 136,136.13,133.34,134.25 | 133.91,135.29,132.69,134.7 | 136.44,136.5,134.75,135.44 | 135.16,136.32,134.67,135.58 | 135.1,137.95,135,136.96 | 137.08,137.4,135.64,137.19 | 137,138.86,136.8,138.75 | 138.24,140.44,137.65,139.12 | 140.57,140.57,138.27,138.79 | 138.28,139.14,137.24,137.58 | 137.39,138.14,136.23,137.41 | 138.92,139,136.2,136.28 | 137.43,139.44,137.25,139.39 | 139.07,140.49,137.46,138.34 | 139.92,140.74,138.75,140.5 | 141.09,141.14,137.17,137.28 | 144.82,147.95,142.51,144.02 | 143.05,143.47,141.09,142.45 | 142.56,143.6,141.7,141.76 | 141.1,142.19,141.1,141.6 | 142.54,142.92,141.04,142.43 | 142.83,143.06,140.43,141.57 | 142.16,142.61,140.66,141.58 | 141.7,141.79,140.37,141.47 | 142.85,142.97,138.32,140.1 | 138.6,141.66,138.6,141.23 | 141.25,143.57,139.53,142.35 | 143.2,145.64,143,144.95 | 145.55,146.82,144.9,146.35 | 146,147.1,144.8,147.05 | 146.5,146.85,144.38,145.05 | 144.83,145.13,142.43,143.04 | 143.66,144.9,140.93,141.3",0:133.06;51:149.23 | 0:123.85;51:142.57,94
Horizontal Channel,neutral,Bilateral,"95.43,96,95.42,95.96 | 95.96,96.97,95.93,96.85 | 96.85,97.38,96.53,97.23 | 97.23,98.27,97.18,97.91 | 97.91,98.5,97.84,98.45 | 98.45,99.2,98.21,98.92 | 98.92,99.39,98.78,99.36 | 99.36,100,99.08,99.85 | 99.85,99.85,98.77,99.14 | 99.14,99.31,97.51,97.62 | 97.62,97.83,96.52,96.6 | 96.6,96.94,95.34,95.5 | 95.5,95.81,93.95,94.31 | 94.31,94.48,93,93.14 | 93.14,93.21,92,92.24 | 92.24,93.21,92.22,93.03 | 93.03,94.67,92.96,94.5 | 94.5,95.45,94.23,95.37 | 95.37,96.84,95.26,96.8 | 96.8,97.76,96.47,97.66 | 97.66,99.24,97.37,99.16 | 99.16,100,98.97,99.72 | 99.72,100.15,98.69,98.76 | 98.76,98.98,97.59,97.71 | 97.71,97.86,96.39,96.49 | 96.49,96.57,95.39,95.51 | 95.51,95.67,93.82,94.09 | 94.09,94.21,93.09,93.11 | 93.11,93.21,92,92.2 | 92.2,93.51,91.75,93.17 | 93.17,94.41,92.6,94.35 | 94.35,95.57,94.12,95.51 | 95.51,96.51,95.36,96.42 | 96.42,97.92,96.22,97.76 | 97.76,98.79,97.74,98.62 | 98.62,100,98.54,99.88 | 99.88,100.16,98.88,99.02 | 99.02,99.15,97.44,97.67 | 97.67,98.02,96.52,96.66 | 96.66,96.66,94.88,95.11 | 95.11,95.14,94.43,94.44 | 94.44,94.59,92.55,92.97 | 92.97,93.09,92,92.21 | 92.21,93.28,92.12,93.18 | 93.18,94.54,93.07,94.43 | 94.43,95.09,94.39,95.07 | 95.07,96.54,94.83,96.51 | 96.51,97.65,96.47,97.65 | 97.65,99.07,97.42,98.86 | 98.86,100,98.83,99.87 | 99.87,99.94,98.31,98.47 | 98.47,98.65,96.64,96.75 | 96.75,96.77,95.21,95.25 | 95.25,95.44,93.73,93.78 | 93.78,93.91,91.43,91.97",0:100;54:100 | 0:92;54:92,Price moves sideways between flat support and resistance with no trend. Traders often buy near support and sell near resistance until a breakout picks a direction. Also known as a Sideways Channel or Range.,NASDAQ:META,2-day,"2026-02-13,2026-02-18,2026-02-20,2026-02-24,2026-02-26,2026-03-02,2026-03-04,2026-03-06,2026-03-10,2026-03-12,2026-03-16,2026-03-18,2026-03-20,2026-03-24,2026-03-26,2026-03-30,2026-04-01,2026-04-06,2026-04-08,2026-04-10,2026-04-14,2026-04-16,2026-04-20,2026-04-22,2026-04-24,2026-04-28,2026-04-30,2026-05-04,2026-05-06,2026-05-08,2026-05-12,2026-05-14,2026-05-18,2026-05-20,2026-05-22,2026-05-27,2026-05-29,2026-06-02,2026-06-04,2026-06-08,2026-06-10,2026-06-12,2026-06-16,2026-06-18,2026-06-23,2026-06-25,2026-06-29,2026-07-01,2026-07-06,2026-07-08,2026-07-10,2026-07-14,2026-07-16,2026-07-20,2026-07-22,2026-07-24,2026-07-28,2026-07-30","645.1,651.43,628.8,639.29 | 633.8,647.19,628.14,644.78 | 639.68,663.35,636,637.25 | 633.08,653.88,628.98,653.69 | 650.55,661,638.12,648.18 | 637.16,659.94,634.5,655.08 | 657.96,672.77,650.31,660.57 | 647.9,649.47,626.78,647.39 | 653.56,660.3,648.36,654.86 | 648.75,653.5,609.55,613.71 | 632,636.55,621.7,622.66 | 616.34,622.65,602.26,606.7 | 603.53,608.64,587.25,604.06 | 599.1,603.67,591,594.89 | 582.49,583,520.26,525.72 | 536.38,573.69,528.54,572.13 | 580.13,592.55,559.7,574.46 | 577.69,582.79,564.76,575.05 | 606,637.5,591.83,628.39 | 634.47,638.58,624.33,634.53 | 643.22,678.5,639.37,671.58 | 675.99,691.52,667.75,688.55 | 681.36,683.38,667.33,668.84 | 674.36,678.38,653.05,659.15 | 660.32,682.5,653.84,678.62 | 674.24,678.18,663.81,669.12 | 619.32,620.85,600,608.75 | 607.93,614.35,600.36,604.96 | 601.05,624.98,598.1,616.81 | 615.2,616.77,598.08,598.86 | 594.82,619.9,592.6,616.63 | 616,623.73,609.31,614.23 | 609.11,615.59,600.55,602.61 | 600.75,609.6,594.81,607.38 | 607.88,614.81,605.3,612.34 | 609.39,643,609,635.29 | 633.5,635.75,599.53,600.47 | 603.24,624.15,596.68,622.98 | 623.67,642.4,582.91,593 | 592,597.63,579.22,584.59 | 580.73,591.32,557.01,568.43 | 572.95,601.27,560.9,593.48 | 593.65,605.81,566.19,567.58 | 572.82,580.22,559.81,563.85 | 562.25,572.2,555.55,557.67 | 555.55,556.85,540.18,550.25 | 560,570.9,551.43,563.29 | 607.91,628.28,580.42,582.9 | 594.84,625.37,581.76,615.58 | 614.38,633.27,577.07,631.48 | 660.34,677.86,654.2,656.73 | 652,686.08,649.05,681.31 | 677.27,681.9,626,646.01 | 646.7,655.88,636.01,643.81 | 647.7,649,597.22,606.1 | 605.3,611.26,593.13,593.87 | 596.82,601,582.22,585.61 | 526,558.33,524.49,556.71",0:679.42;57:679.42 | 0:540.18;57:540.18,76
Broadening Formation,neutral,Bilateral,"95.02,97.17,94.68,96.51 | 96.51,96.61,96.34,96.39 | 96.39,97.94,96.38,97.82 | 97.82,98.61,97.69,98.23 | 98.23,98.36,96.93,97.02 | 97.02,97.02,96.07,96.34 | 96.34,96.45,94.38,95.06 | 95.06,95.26,92.64,93.27 | 93.27,93.73,92.18,92.71 | 92.71,93.48,92.54,93.45 | 93.45,95.49,93.19,94.87 | 94.87,97.23,94.61,96.97 | 96.97,98.21,96.49,97.76 | 97.76,99.82,97.7,99.43 | 99.43,100.86,99.26,100.15 | 100.15,100.22,98.73,98.99 | 98.99,99.71,96.48,97.03 | 97.03,97.44,95.03,95.25 | 95.25,95.37,93.1,93.46 | 93.46,93.79,91.06,91.22 | 91.22,91.68,89.45,90.34 | 90.34,91.93,90.13,91.86 | 91.86,93.03,91.74,92.8 | 92.8,96.68,91.88,96.23 | 96.23,98.03,95.93,97.57 | 97.57,100.46,97.26,99.91 | 99.91,101.51,99.76,101.44 | 101.44,103.52,100.14,103.05 | 103.05,103.71,100.69,101.42 | 101.42,101.56,98.51,99.03 | 99.03,99.15,95.91,96.11 | 96.11,96.15,93.17,93.3 | 93.3,93.41,90.72,91.26 | 91.26,91.77,88.47,89.18 | 89.18,89.51,86.27,86.7 | 86.7,89.35,86.69,88.84 | 88.84,92.74,88.76,92.08 | 92.08,95.36,92.02,95.19 | 95.19,98.19,95.01,97.52 | 97.52,100.79,97.38,100.35 | 100.35,103.11,100.04,103.07 | 103.07,106.39,102.77,105.78 | 105.78,106.04,104.01,104.87 | 104.87,105.46,102.22,103.06 | 103.06,103.07,100.52,100.54 | 100.54,101.23,98.25,99.1 | 99.1,99.37,96.91,97.42",0:98;44:107 | 0:94;44:84,"Swings grow wider over time, making higher highs and lower lows between two diverging lines. It reflects rising volatility and disagreement, and price can break out either way. Also known as a Megaphone Pattern.",FX:USDJPY,Daily,"2019-11-04,2019-11-05,2019-11-06,2019-11-07,2019-11-10,2019-11-11,2019-11-12,2019-11-13,2019-11-14,2019-11-17,2019-11-18,2019-11-19,2019-11-20,2019-11-21,2019-11-24,2019-11-25,2019-11-26,2019-11-27,2019-11-28,2019-12-01,2019-12-02,2019-12-03,2019-12-04,2019-12-05,2019-12-08,2019-12-09,2019-12-10,2019-12-11,2019-12-12,2019-12-15,2019-12-16,2019-12-17,2019-12-18,2019-12-19,2019-12-22,2019-12-23,2019-12-25,2019-12-26,2019-12-29,2019-12-30,2020-01-01,2020-01-02,2020-01-05,2020-01-06,2020-01-07,2020-01-08,2020-01-09,2020-01-12,2020-01-13,2020-01-14,2020-01-15,2020-01-16,2020-01-19,2020-01-20,2020-01-21,2020-01-22,2020-01-23","108.57,109.26,108.53,109.15 | 109.15,109.18,108.82,108.98 | 108.98,109.49,108.65,109.28 | 109.28,109.48,109.08,109.21 | 109.19,109.26,108.9,109.05 | 109.05,109.3,108.92,109 | 109,109.15,108.65,108.82 | 108.82,108.86,108.24,108.41 | 108.41,108.86,108.36,108.74 | 108.77,109.07,108.51,108.68 | 108.68,108.84,108.45,108.54 | 108.54,108.74,108.35,108.6 | 108.6,108.7,108.28,108.62 | 108.62,108.73,108.48,108.63 | 108.67,108.98,108.63,108.91 | 108.91,109.21,108.87,109.04 | 109.04,109.61,109.01,109.52 | 109.52,109.56,109.33,109.51 | 109.51,109.67,109.4,109.49 | 109.52,109.73,108.92,108.97 | 108.97,109.21,108.48,108.63 | 108.63,108.96,108.43,108.86 | 108.86,109,108.66,108.76 | 108.76,108.92,108.46,108.56 | 108.61,108.68,108.43,108.56 | 108.56,108.77,108.51,108.72 | 108.72,108.86,108.46,108.56 | 108.56,109.46,108.46,109.29 | 109.29,109.71,108.92,109.32 | 109.28,109.68,109.25,109.54 | 109.54,109.63,109.44,109.48 | 109.48,109.63,109.4,109.54 | 109.54,109.69,109.18,109.36 | 109.36,109.53,109.25,109.47 | 109.41,109.54,109.34,109.39 | 109.39,109.44,109.33,109.35 | 109.35,109.68,109.35,109.62 | 109.62,109.62,109.39,109.44 | 109.43,109.48,108.77,108.87 | 108.87,108.89,108.47,108.62 | 108.62,108.87,108.21,108.57 | 108.57,108.63,107.84,108.12 | 107.84,108.51,107.77,108.37 | 108.37,108.63,108.26,108.43 | 108.43,109.25,107.65,109.11 | 109.11,109.58,109.01,109.52 | 109.52,109.69,109.43,109.48 | 109.5,109.95,109.5,109.94 | 109.94,110.21,109.85,109.98 | 109.98,110.01,109.79,109.9 | 109.9,110.18,109.85,110.16 | 110.16,110.29,110.05,110.15 | 110.07,110.22,110.07,110.18 | 110.18,110.22,109.76,109.86 | 109.86,110.1,109.83,109.84 | 109.84,109.86,109.27,109.49 | 109.49,109.65,109.17,109.25",0:109.4;54:110.22 | 0:108.53;54:107.57,85
Ascending Broadening Wedge,bearish,Reversal,"88.78,89.84,88.19,89.74 | 89.74,91.82,89.64,91.32 | 91.32,93.46,91.15,92.8 | 92.8,94.57,92.25,94.12 | 94.12,95.6,93.81,95.06 | 95.06,95.42,94.14,94.78 | 94.78,95.74,94.1,94.42 | 94.42,94.68,93.59,93.9 | 93.9,93.95,92.36,93.12 | 93.12,93.3,92.3,92.5 | 92.5,92.72,92,92.48 | 92.48,93.71,92.46,93.55 | 93.55,95.6,93.54,95.31 | 95.31,95.66,95.16,95.5 | 95.5,98.74,95.12,97.78 | 97.78,99.14,97.07,98.79 | 98.79,100.4,98.75,100.09 | 100.09,100.14,99.16,99.51 | 99.51,99.76,98.77,99.16 | 99.16,99.54,98.05,98.31 | 98.31,98.32,96.75,97.04 | 97.04,97.28,96.17,96.63 | 96.63,96.75,95.09,95.36 | 95.36,95.71,94.6,95.37 | 95.37,96.16,95.27,96.08 | 96.08,97.53,95.86,97.5 | 97.5,98.71,97.35,98.66 | 98.66,100.86,98.43,100.64 | 100.64,102,100.41,101.81 | 101.81,104.24,101.48,103.97 | 103.97,105.14,103.96,104.86 | 104.86,106.4,104.21,106.05 | 106.05,106.71,104.07,104.85 | 104.85,105.42,103.91,103.99 | 103.99,104.37,102.08,102.21 | 102.21,103.19,101.13,101.31 | 101.31,101.51,98.99,99.02 | 99.02,99.15,96.96,97.37 | 97.37,98.02,96.92,97.08 | 97.08,97.63,94.8,95.14 | 95.14,95.67,94.8,95.12 | 95.12,95.71,94.34,94.48 | 94.48,94.72,92.33,92.72 | 92.72,92.87,91.45,91.76 | 91.76,91.85,90.3,90.71 | 90.71,91.95,88.96,89.56 | 89.56,89.78,87.72,88.23 | 88.23,88.36,85.05,86.36",0:94;40:110 | 0:90;40:98,"Price climbs between two upward-sloping lines that spread apart, so the swings get wider as it rises. The widening swings show an unstable advance, and a break below the lower line usually leads to a decline.",NYSE:BA,Daily,"2018-05-07,2018-05-08,2018-05-09,2018-05-10,2018-05-11,2018-05-14,2018-05-15,2018-05-16,2018-05-17,2018-05-18,2018-05-21,2018-05-22,2018-05-23,2018-05-24,2018-05-25,2018-05-29,2018-05-30,2018-05-31,2018-06-01,2018-06-04,2018-06-05,2018-06-06,2018-06-07,2018-06-08,2018-06-11,2018-06-12,2018-06-13,2018-06-14,2018-06-15,2018-06-18,2018-06-19,2018-06-20,2018-06-21,2018-06-22,2018-06-25,2018-06-26","335.23,342.98,335.21,340.43 | 339.77,341.94,336.61,338.37 | 339.49,346.93,338.57,344.5 | 343.99,348.57,342.41,344.07 | 343.77,345.42,341.05,342.46 | 344,347.74,343.89,344.59 | 343,343.85,340.26,342.12 | 342,343.56,340.3,340.97 | 340.47,344.77,340.25,344.14 | 345.6,352.05,345.19,351.23 | 358.46,365,358.45,363.92 | 364,364.85,354.52,355.02 | 352.28,359.6,351.62,359.21 | 358.45,360.66,354.37,359 | 358.12,360.6,357.05,360.09 | 357.71,360.97,350.66,352.48 | 355.65,358.92,354.1,358.19 | 356.83,356.83,351.62,352.16 | 355.79,358.15,354.46,356.72 | 358.97,363.39,358.85,360.73 | 360.5,363.37,358.85,360.1 | 362.46,371.6,360.99,371.56 | 372,374.48,366.05,368.53 | 368.14,371.42,365.46,369.5 | 371,373.33,368.8,370.94 | 371.24,372.73,367.99,370.62 | 370.67,371,363.29,363.85 | 366.15,367.64,358.83,362.42 | 358.15,361.66,353.47,357.88 | 353.19,357.64,352.37,354.74 | 347.17,347.17,338.57,341.12 | 346,346.98,340.46,342.69 | 341.15,341.15,336.2,337.66 | 340.43,340.94,336.6,338.91 | 332.52,333.85,327.6,331.2 | 332.39,334.4,330.48,331.3",0:347.5;30:386.55 | 0:328.35;30:372.97,94
Diamond Top,bearish,Reversal,"79.7,82.47,79.55,82.25 | 82.25,84.28,81.97,83.87 | 83.87,87.17,83.81,86.83 | 86.83,89.98,86.77,88.97 | 88.97,92.6,88.5,92.3 | 92.3,94.83,91.72,94.51 | 94.51,97,93.9,96.42 | 96.42,97.03,96.17,96.47 | 96.47,96.67,95.25,96.01 | 96.01,96.38,94.35,94.56 | 94.56,95.7,94.3,95.47 | 95.47,96.09,95.38,95.53 | 95.53,96.46,95.47,96.42 | 96.42,98.04,95.66,97.82 | 97.82,98.82,97.67,98.74 | 98.74,99.7,98.47,98.93 | 98.93,99.62,98.32,98.44 | 98.44,98.53,95.6,96.09 | 96.09,97.44,94.52,94.65 | 94.65,95.12,92.07,92.68 | 92.68,93.14,90.7,91.24 | 91.24,93.78,90.52,93.44 | 93.44,95.17,93.28,95.14 | 95.14,96.93,95.08,96.63 | 96.63,99.94,96.28,99.66 | 99.66,101.78,99.44,101.43 | 101.43,103,101.39,102.53 | 102.53,102.86,100.78,100.97 | 100.97,101.14,97.69,97.95 | 97.95,98.44,96.14,96.37 | 96.37,96.84,93.71,93.78 | 93.78,94.34,91.9,92.92 | 92.92,93.28,92.07,93.26 | 93.26,94.69,92.31,94.46 | 94.46,97.01,94.11,96.61 | 96.61,98.23,95.9,98.15 | 98.15,99.5,97.76,98.99 | 98.99,99.08,96.97,97.68 | 97.68,98.32,96.17,96.62 | 96.62,96.73,95.1,95.53 | 95.53,95.67,93.8,94.41 | 94.41,94.51,94.3,94.34 | 94.34,96.27,94.3,95.62 | 95.62,97,95.13,96.87 | 96.87,96.87,95.25,95.54 | 95.54,96.89,95.07,96.64 | 96.64,96.84,96.15,96.41 | 96.41,97.42,94.57,94.72 | 94.72,94.88,93.03,93.11 | 93.11,93.48,91.51,92.17 | 92.17,92.4,90.55,90.57 | 90.57,90.91,89.18,89.83 | 89.83,90.12,87.46,88.12 | 88.12,88.45,87.27,87.47 | 87.47,88.36,85.2,85.29 | 85.29,85.41,83.14,84.44",6:97;26:103;44:96.8 | 10:94.3;20:90.7;40:93.8,"After an uptrend, swings first widen and then narrow, tracing a diamond shape. A break below the lower right edge signals a bearish reversal. It is rare, and it can look like a head and shoulders with a V-shaped neckline.",BITSTAMP:ETHUSD,Daily,"2023-06-15,2023-06-16,2023-06-17,2023-06-18,2023-06-19,2023-06-20,2023-06-21,2023-06-22,2023-06-23,2023-06-24,2023-06-25,2023-06-26,2023-06-27,2023-06-28,2023-06-29,2023-06-30,2023-07-01,2023-07-02,2023-07-03,2023-07-04,2023-07-05,2023-07-06,2023-07-07,2023-07-08,2023-07-09,2023-07-10,2023-07-11,2023-07-12,2023-07-13,2023-07-14,2023-07-15,2023-07-16,2023-07-17,2023-07-18,2023-07-19,2023-07-20,2023-07-21,2023-07-22,2023-07-23,2023-07-24,2023-07-25,2023-07-26,2023-07-27,2023-07-28,2023-07-29,2023-07-30,2023-07-31,2023-08-01,2023-08-02,2023-08-03,2023-08-04,2023-08-05,2023-08-06,2023-08-07,2023-08-08,2023-08-09,2023-08-10,2023-08-11,2023-08-12,2023-08-13,2023-08-14,2023-08-15,2023-08-16,2023-08-17,2023-08-18,2023-08-19,2023-08-20,2023-08-21","1650.1,1678.8,1622,1665.2 | 1665.3,1727.4,1648.2,1717 | 1717.2,1770.9,1713.7,1727.1 | 1727.1,1746.4,1713.4,1720.5 | 1720.4,1750.2,1699.8,1736.8 | 1736.7,1796.3,1714.1,1792.4 | 1792.8,1900.9,1787.9,1889.8 | 1889.6,1933.1,1867.4,1872.6 | 1872.6,1936.2,1861.7,1893.7 | 1893.8,1906.6,1866.4,1876.2 | 1876.5,1930,1870.3,1899.9 | 1899.9,1908.9,1837.7,1859.4 | 1859.4,1911.7,1856.5,1890 | 1890.5,1890.5,1816.5,1827.8 | 1828,1879.4,1827.9,1852.1 | 1851.8,1945.5,1824.6,1933.3 | 1934,1943.8,1908.9,1924.4 | 1924.4,1959.4,1885.9,1937.6 | 1937.6,1976,1934,1956 | 1955.4,1966.6,1931.8,1936.7 | 1936.8,1942.2,1894.5,1910.4 | 1910.3,1959,1846.6,1847.6 | 1845.8,1877.9,1827.9,1870.8 | 1870.7,1872,1843.6,1865.5 | 1865.8,1879.2,1857,1863.5 | 1863.4,1905.6,1848,1880.7 | 1881.1,1890.9,1863,1878.7 | 1878.7,1901.7,1865,1871.7 | 1871.8,2012.8,1863.1,2004.8 | 2005.8,2029.5,1899.1,1938.9 | 1938.3,1947,1927.2,1931.5 | 1931.7,1943.6,1914.6,1923.6 | 1922.2,1936.6,1874.6,1911.4 | 1911.4,1917.6,1877,1897.7 | 1897.6,1921.8,1882,1888.7 | 1888.6,1929,1878.3,1891.5 | 1891.8,1905.4,1884.9,1892 | 1892,1897.5,1853.5,1866.4 | 1866.6,1904.4,1858.9,1889.4 | 1888.9,1890.8,1833,1849.6 | 1850,1866.7,1845.4,1857.5 | 1857.2,1887,1849.1,1872.2 | 1872.2,1886.2,1854.1,1861 | 1861,1882.4,1856,1874.2 | 1874.1,1886.4,1869.4,1880.8 | 1881.1,1885.2,1849.2,1861.7 | 1861.5,1876.5,1850.5,1856.2 | 1856.1,1873.9,1813.1,1872.7 | 1873.4,1878.6,1820.4,1839.1 | 1838.6,1857.4,1824.9,1834.5 | 1834.5,1849.3,1812.1,1827.3 | 1827.3,1837.3,1824.5,1835 | 1834.9,1836.6,1823.9,1827.6 | 1827.6,1843.7,1799.2,1827 | 1827,1875.5,1823.8,1855.9 | 1855.9,1870.6,1845,1854.2 | 1854.2,1864.4,1844.8,1850.4 | 1850.4,1855.3,1836.9,1847.2 | 1847,1852.5,1845.4,1849.2 | 1849.2,1860.4,1833.5,1839.3 | 1839.2,1854.2,1833.5,1843.9 | 1843.9,1845.7,1811.6,1827.3 | 1827.3,1829.5,1796.2,1805.6 | 1805.6,1807.9,1542.6,1683.5 | 1681.4,1699.5,1641.1,1661.1 | 1661.5,1696,1653.9,1669.6 | 1669.6,1693.7,1662.1,1685.4 | 1685.4,1687.4,1650,1667.4",8:1936.2;29:2029.5;54:1875.5 | 13:1816.5;22:1827.9;53:1799.2,86
V-Top,bearish,Reversal,"79.11,80.23,78.69,79.75 | 79.75,80.63,79.31,80.32 | 80.32,80.89,79.77,80.69 | 80.69,82.78,80.3,82.31 | 82.31,83.77,82.11,83.21 | 83.21,84.37,82.93,84.07 | 84.07,84.98,83.78,84.36 | 84.36,84.86,84.13,84.67 | 84.67,86.66,84.23,86.05 | 86.05,88.05,85.73,87.78 | 87.78,89.05,87.4,88.64 | 88.64,89.74,88.13,89.39 | 89.39,91.32,89.22,91.02 | 91.02,93.18,90.51,92.17 | 92.17,93.5,91.92,93.15 | 93.15,94.97,92.9,94.84 | 94.84,96.11,94.46,96 | 96,97.55,95.95,97.03 | 97.03,98.74,96.22,98.56 | 98.56,100.35,98.32,99.88 | 99.88,101,99.54,100.66 | 100.66,101.33,99.63,99.91 | 99.91,100.03,98.25,98.55 | 98.55,98.87,96.88,96.89 | 96.89,97.23,95.34,95.88 | 95.88,95.88,94.19,94.71 | 94.71,95.12,93.26,93.8 | 93.8,94.06,91.31,91.92 | 91.92,92,90.94,91.16 | 91.16,91.45,88.78,89.39 | 89.39,89.63,88.21,88.34 | 88.34,88.52,86.55,86.72 | 86.72,87.35,86.05,86.2 | 86.2,86.45,85.5,86.02 | 86.02,86.21,84.72,84.81 | 84.81,84.95,83.82,83.96 | 83.96,84.12,82.76,83.36 | 83.36,83.73,82.28,82.7 | 82.7,82.78,81.03,81.16 | 81.16,81.56,80.33,80.66 | 80.66,80.69,80,80.01",,"A sharp rally followed immediately by an equally sharp decline, with no pause or pattern at the top. Often driven by news or exhaustion, it is hard to trade because it gives little warning. Also known as a Spike Top or Inverted V.",NASDAQ:META,Daily,"2025-01-08,2025-01-10,2025-01-13,2025-01-14,2025-01-15,2025-01-16,2025-01-17,2025-01-21,2025-01-22,2025-01-23,2025-01-24,2025-01-27,2025-01-28,2025-01-29,2025-01-30,2025-01-31,2025-02-03,2025-02-04,2025-02-05,2025-02-06,2025-02-07,2025-02-10,2025-02-11,2025-02-12,2025-02-13,2025-02-14,2025-02-18,2025-02-19,2025-02-20,2025-02-21,2025-02-24,2025-02-25,2025-02-26,2025-02-27,2025-02-28,2025-03-03,2025-03-04,2025-03-05,2025-03-06,2025-03-07,2025-03-10,2025-03-11,2025-03-12,2025-03-13,2025-03-14,2025-03-17","613.39,616.44,602.79,610.72 | 610.03,629.91,597.34,615.86 | 607.1,608.97,598.45,608.33 | 605.07,605.49,588.55,594.25 | 610.21,622.46,606.5,617.12 | 611.5,616.25,609.71,611.3 | 624.05,624.97,603.67,612.77 | 617.83,621.5,609.01,616.46 | 623.3,633.7,619.43,623.5 | 627.36,636.6,621.15,636.45 | 636.4,652,634.2,647.49 | 626.61,663.87,625.1,659.88 | 666,682.58,659.47,674.33 | 675,681.05,665.67,676.49 | 696.82,710.79,676.1,687 | 691,705.3,685.58,689.18 | 675.91,704,675.25,697.46 | 702.5,707.71,691.61,704.19 | 703.55,718.14,699.01,704.87 | 705.88,718.9,703.5,711.99 | 716.79,725.01,711.75,714.52 | 718.56,721.2,711.33,717.4 | 713.32,723.66,710.04,719.8 | 715.3,727.1,712.6,725.38 | 721.52,729,718.04,728.56 | 726.14,740.91,725.62,736.67 | 736,737,706.44,716.37 | 704.1,707,695.39,703.77 | 697.27,705.63,693.64,694.84 | 696.58,703.87,682.36,683.55 | 686.28,687.27,662.45,668.13 | 665.97,668,641.86,657.5 | 659.65,683.01,658,673.7 | 682.45,688.65,657.57,658.24 | 658.04,669.63,642.6,668.2 | 673.67,681.25,650.84,655.05 | 645.51,649.75,623.65,640 | 641,659.5,637.66,656.47 | 648,650.56,624.11,627.93 | 625.37,634.79,600.61,625.66 | 608.07,610.11,586.87,597.99 | 595.05,614.93,593.33,605.71 | 629.9,633.33,609.35,619.56 | 620.25,620.5,586.51,590.64 | 602.8,608.86,594.78,607.6 | 607.46,613.1,598,604.9",,97
Island Reversal Top,bearish,Reversal,"83.17,83.7,83.04,83.53 | 83.53,85.21,82.42,85.11 | 85.11,86.01,84.3,85.99 | 85.99,87.05,85.57,86.66 | 86.66,87.35,86.61,87.2 | 87.2,88.96,86.67,87.92 | 87.92,89.21,87.32,88.98 | 88.98,90.87,88.68,90.55 | 90.55,91.3,90.3,90.78 | 90.78,92.01,90.63,91.97 | 91.97,92.97,91.46,92.63 | 92.63,93.76,92.55,93.5 | 93.5,94.07,93.09,93.96 | 93.96,95.25,93.88,95.08 | 95.08,96.43,94.99,96.19 | 100.29,100.41,100.09,100.32 | 100.32,100.96,99.97,100.93 | 100.93,102,100.83,101.28 | 101.28,102.49,101.24,101.91 | 101.91,102.46,101,101.51 | 101.51,102.13,100.85,101.26 | 101.26,102.5,100.71,101.68 | 96.86,100.21,95.94,96.56 | 96.56,96.98,95.52,95.67 | 95.67,96.13,94.61,94.98 | 94.98,95.29,92.79,93.59 | 93.59,93.59,92.13,92.64 | 92.64,92.8,91.1,91.37 | 91.37,92.04,90.7,90.88 | 90.88,91.4,89.2,89.42 | 89.42,89.7,88.09,88.23 | 88.23,88.54,86.12,86.78 | 86.78,86.83,85.65,86.09",13:98.3;24:98.3,"After an uptrend, price gaps up, trades for a few sessions, then gaps down, leaving the cluster isolated like an island between two gaps. It signals a sharp bearish reversal.",NYSE:BA,Daily,"2020-05-13,2020-05-14,2020-05-15,2020-05-18,2020-05-19,2020-05-20,2020-05-21,2020-05-22,2020-05-26,2020-05-27,2020-05-28,2020-05-29,2020-06-01,2020-06-02,2020-06-03,2020-06-04,2020-06-05,2020-06-08,2020-06-09,2020-06-10,2020-06-11,2020-06-12,2020-06-15,2020-06-16,2020-06-17,2020-06-18,2020-06-19,2020-06-22,2020-06-23,2020-06-24,2020-06-25,2020-06-26","125,125.07,119.33,121.5 | 118.98,122.61,113.89,122.52 | 118.33,121.89,117.78,120 | 126.18,136.2,125.8,135.44 | 137,137.04,130.28,130.44 | 133.27,135.45,131.31,133.32 | 137,144.24,136.15,139 | 141.01,141.08,135.78,137.53 | 145.21,145.91,142.61,144.73 | 149.14,149.65,141.24,149.52 | 156.1,156.7,149.05,149.82 | 145.3,152,142.94,145.85 | 145.45,153.55,144.55,151.39 | 154,155.85,151.81,153.31 | 157.1,173.78,155.49,173.16 | 181.28,188.6,177.4,184.3 | 205,218.79,197.36,205.43 | 222.94,234.2,218.93,230.5 | 222.14,227,213.08,216.74 | 211.17,213.03,197.4,203.41 | 179.35,192.18,166.01,170 | 187.15,191.3,176.26,189.51 | 177.18,193.23,175.89,190.94 | 207.15,208.3,192.6,197.77 | 194.52,196.43,191.25,192.54 | 188.24,198.03,187.2,192.29 | 197.9,197.96,184.57,187.02 | 184.56,188.7,181.9,188.52 | 189.3,190.12,183.55,187.88 | 183.61,185.2,176.07,176.69 | 169.87,177.5,169.59,174.88 | 173.42,173.85,167.6,170.01",13:188.17;23:188.17,
Bump and Run Reversal Top,bearish,Reversal,"84.6,85.2,84.46,84.54 | 84.54,85.07,84.27,85.05 | 85.05,85.23,84.9,85.12 | 85.12,87.07,84.69,86.57 | 86.57,87.27,86.39,86.5 | 86.5,86.93,86.14,86.52 | 86.52,88.37,86.18,87.73 | 87.73,87.93,87.15,87.17 | 87.17,88.34,86.95,88.15 | 88.15,88.77,88.11,88.37 | 88.37,89.42,88.19,88.97 | 88.97,89.05,88.02,88.57 | 88.57,89,88.35,88.96 | 88.96,89.23,88.91,89.15 | 89.15,90.44,89.04,90.15 | 90.15,91.3,89.58,91.16 | 91.16,92.77,90.19,91.9 | 91.9,93.13,91.44,93.09 | 93.09,94.88,92.88,93.91 | 93.91,95.25,93.9,95.08 | 95.08,97.23,95.01,96.7 | 96.7,98.81,96.59,98.32 | 98.32,99.33,98.31,99.15 | 99.15,100.77,98.31,100.25 | 100.25,101.23,100.14,101.21 | 101.21,103.05,100.49,102.87 | 102.87,103.55,102.32,103.21 | 103.21,104,102.4,103.62 | 103.62,104.67,102.51,103.03 | 103.03,103.49,101.68,102.2 | 102.2,102.39,100.52,101.17 | 101.17,101.38,99.36,100.03 | 100.03,100.3,98.64,99.24 | 99.24,99.76,97.81,97.89 | 97.89,97.94,97.15,97.46 | 97.46,97.89,95.97,96.89 | 96.89,98.23,96.68,97.6 | 97.6,97.72,95.79,96.4 | 96.4,96.93,95.43,95.8 | 95.8,95.86,94.59,95.31 | 95.31,96.09,93.68,93.71 | 93.71,94.23,93.37,93.47 | 93.47,93.61,91.49,91.91 | 91.91,92.05,91.29,91.36 | 91.36,91.38,89.22,89.67 | 89.67,90.37,88.98,89.07 | 89.07,89.14,87.68,87.91 | 87.91,88.25,86.6,86.95",0:84.6;42:98,"A gentle uptrend (the lead-in) is followed by a steep, speculative rally (the bump), which then falls back through the original trendline (the run). A break of the lead-in trendline signals a bearish reversal. Developed by Thomas Bulkowski.",NASDAQ:AMD,2-day,"2018-07-18,2018-07-20,2018-07-24,2018-07-26,2018-07-30,2018-08-01,2018-08-03,2018-08-07,2018-08-09,2018-08-13,2018-08-15,2018-08-17,2018-08-21,2018-08-23,2018-08-27,2018-08-29,2018-08-31,2018-09-05,2018-09-07,2018-09-11,2018-09-13,2018-09-17,2018-09-19,2018-09-21,2018-09-25,2018-09-27,2018-10-01,2018-10-03,2018-10-05,2018-10-09,2018-10-11,2018-10-15,2018-10-17,2018-10-19,2018-10-23,2018-10-25,2018-10-29,2018-10-31,2018-11-02","16.94,16.99,16.55,16.71 | 16.66,16.88,15.89,16.66 | 16.75,16.86,15.72,16.05 | 17.16,19.88,16.83,18.94 | 19.4,20.18,18.27,18.33 | 18.34,18.95,18,18.79 | 18.94,19.44,18.37,19.43 | 19.53,19.77,19.08,19.58 | 19.58,19.71,18.85,19.06 | 19.16,20.28,19.12,20.02 | 19.86,20.1,19.2,19.33 | 19.12,20.08,18.73,19.98 | 19.98,20.92,19.86,20.9 | 21.19,24,21.14,23.98 | 24.94,27.3,24.04,25.05 | 24.36,25.67,24.01,24.89 | 24.89,28.11,24.72,28.06 | 29.41,29.94,26.84,27.84 | 26.96,29.93,26.8,29.89 | 30.02,32.29,29.37,32.21 | 33.16,34.14,29.87,32.72 | 31.75,33.37,31.2,31.93 | 31.52,32.2,30.51,31.18 | 31.19,32.65,30.91,32.61 | 33.18,33.6,31.72,32.19 | 31.86,32.78,29.98,30.89 | 30.69,31.91,28.65,29.02 | 29.04,29.22,26.54,27.78 | 28.07,28.47,25.96,26.46 | 26.15,27.71,24.91,25 | 24.74,26.97,24.55,26.34 | 26.38,28.23,25.75,28.18 | 28.41,28.53,26.4,26.62 | 27.03,27.1,23.6,25.03 | 24.18,25.26,22.75,22.79 | 17.92,20.15,17.05,17.63 | 18.21,18.23,16.17,17.2 | 17.87,20.33,17.12,20.22 | 20.59,21.06,18.88,19.9",0:16.09;34:28.09,97
Measured Move Up,bullish,Continuation,"84.29,85.86,82.65,85.29 | 85.29,85.76,84.37,85.63 | 85.63,86.88,85.54,86.38 | 86.38,88.16,85.92,87.55 | 87.55,87.95,86.65,87.77 | 87.77,89.81,87.28,89.47 | 89.47,91.19,89.19,90.66 | 90.66,91.96,90.57,91.43 | 91.43,92.35,91.25,92.34 | 92.34,93.93,92.1,93.87 | 93.87,95.27,93.07,94.6 | 94.6,97.06,94.06,96.37 | 96.37,98.29,96.23,97.8 | 97.8,99.91,97.55,99.27 | 99.27,100,98.54,99.24 | 99.24,99.61,98.95,99.56 | 99.56,99.59,97.26,97.86 | 97.86,98,96.57,96.63 | 96.63,97.69,95.43,95.92 | 95.92,96.49,94.92,95.46 | 95.46,95.64,93.7,93.98 | 93.98,94.34,93.74,93.91 | 93.91,94.43,93.91,94.39 | 94.39,95.12,94.1,94.5 | 94.5,95.97,93.69,95.73 | 95.73,97.29,95.44,97.1 | 97.1,97.81,95.67,97.08 | 97.08,99.87,96.43,99.14 | 99.14,100.95,99.03,100.09 | 100.09,101.98,99.67,101.71 | 101.71,103.13,100.39,102.11 | 102.11,104.45,101.73,104.17 | 104.17,105.32,103.89,104.98 | 104.98,106.43,104.16,105.8 | 105.8,108.18,105.74,107.52 | 107.52,108.76,107.1,108.2 | 108.2,109.89,107.77,109",,"A rally, a pullback, then a second rally of roughly the same size as the first. The first leg is used to project the target for the second. Also known as an ABC move or Swing Measurement.",NASDAQ:QQQ,5-day,"2023-03-09,2023-03-16,2023-03-23,2023-03-30,2023-04-06,2023-04-14,2023-04-21,2023-04-28,2023-05-05,2023-05-12,2023-05-19,2023-05-26,2023-06-05,2023-06-12,2023-06-20,2023-06-27,2023-07-05,2023-07-12,2023-07-19,2023-07-26,2023-08-02,2023-08-09,2023-08-16,2023-08-23,2023-08-30,2023-09-07,2023-09-14,2023-09-21,2023-09-28,2023-10-05,2023-10-12,2023-10-19,2023-10-26,2023-11-02,2023-11-09,2023-11-16,2023-11-24,2023-12-01,2023-12-08,2023-12-15,2023-12-22,2024-01-02,2024-01-09,2024-01-17,2024-01-24,2024-01-31,2024-02-07,2024-02-14,2024-02-22","298.33,300.98,285.19,298.93 | 298,315.25,297.19,306.12 | 309.92,314.15,304.77,312.72 | 315.24,321.63,312.81,315.92 | 314.24,319.65,312.56,319.17 | 317.59,321.42,314.97,316.28 | 315.91,320.86,309.89,320.35 | 320.11,323.63,315.12,316.17 | 318.47,326.75,316.21,326.2 | 326.74,337.49,322.94,337.27 | 337.49,341.01,329.56,339.72 | 340.76,355.83,340.66,354.65 | 354.43,357.66,348.18,354.5 | 356.19,372.85,355.2,367.93 | 365.95,368.32,357.59,357.68 | 359.25,370.93,358.51,370.29 | 368.69,372.01,363.41,368.17 | 372.34,387.13,370.3,385.74 | 386.82,387.98,374.34,378.78 | 377.72,384.88,375.18,382.79 | 379.26,379.26,368.82,372 | 372.29,374.36,364.69,366.42 | 365.87,367.43,354.71,363.38 | 364.58,375.13,358.58,374.77 | 374.88,380.83,372.7,374.74 | 370.21,377.49,369.15,374.21 | 375.99,378.27,364.46,364.54 | 360.8,361.8,351.36,355.04 | 354.11,362.95,353.24,359.75 | 359.74,371.41,354.85,371.22 | 371.73,373.74,362.02,363.37 | 364.81,366.02,349.75,350.34 | 349.12,357.53,342.35,356.96 | 361.54,373.79,360.3,372.94 | 373.64,387.75,369.57,385.62 | 384.84,393.07,383.56,390.06 | 389.65,394.14,385.82,388.83 | 387.75,391.27,382.66,390.43 | 388.67,406.3,388.48,403.39 | 404.18,410.47,402.9,407.77 | 409,412.92,406.48,409.52 | 405.84,406.09,395.34,404.95 | 401.91,411.25,401.71,409.52 | 406.17,424.73,402.92,423.48 | 427.44,429.85,423.15,425.3 | 420.85,430.24,416.79,427.59 | 430.41,439.14,425.33,428.55 | 431.26,434.99,421.63,425.61 | 434.49,440.59,433.71,435.27",,98
Dead Cat Bounce,bearish,Continuation,"100.05,100.55,99.92,100.37 | 100.37,100.79,98.78,99.26 | 99.26,100.05,98.77,99.61 | 99.61,100.59,99.36,99.75 | 99.75,100.4,99.35,99.56 | 99.56,99.69,98.71,99.34 | 99.34,99.34,98.74,99 | 99,99.85,97.12,97.83 | 97.83,98.93,96.63,96.69 | 96.69,97.16,94.94,95.41 | 95.41,95.63,90.36,91.06 | 91.06,91.74,85.5,86.92 | 86.92,86.98,83,83.64 | 83.64,84.15,83.33,84.11 | 84.11,84.51,83.82,84.27 | 84.27,85.5,84.1,85.31 | 85.31,86.9,85.06,86.8 | 86.8,88.68,86.06,87.83 | 87.83,89.66,86.91,88.73 | 88.73,90,88.63,89.03 | 89.03,89.3,88.7,88.81 | 88.81,90.73,88.78,89.33 | 89.33,90.44,88.95,89.46 | 89.46,89.83,87.53,88.02 | 88.02,88.41,85.71,85.85 | 85.85,86.16,85.45,85.7 | 85.7,85.81,83.27,83.28 | 83.28,83.36,80.88,81.49 | 81.49,81.51,81.12,81.21 | 81.21,81.41,79.97,80.65 | 80.65,81.05,77.89,77.98 | 77.98,79.27,77.29,77.29 | 77.29,77.84,75.84,76.01",,"After a steep drop, price bounces briefly before resuming its decline to new lows. The bounce is a relief rally, not a reversal. The name comes from the saying that even a dead cat bounces if it falls far enough.",AMEX:GLD,3-day,"2022-05-20,2022-05-25,2022-05-31,2022-06-03,2022-06-08,2022-06-13,2022-06-16,2022-06-22,2022-06-27,2022-06-30,2022-07-06,2022-07-11,2022-07-14,2022-07-19,2022-07-22,2022-07-27,2022-08-01,2022-08-04,2022-08-09,2022-08-12,2022-08-17,2022-08-22,2022-08-25,2022-08-30,2022-09-02,2022-09-08,2022-09-13,2022-09-16,2022-09-21,2022-09-26","171.71,174.41,170.89,174.13 | 172.79,173.52,171.73,172.85 | 172.71,174.45,171.08,174.35 | 173.53,173.97,171.65,172.94 | 172.89,174.94,170.46,174.54 | 171.18,171.84,168.3,170.77 | 170.56,172.77,170.17,170.63 | 171.61,172.3,169.85,170.09 | 170.59,170.7,169.17,169.49 | 169.51,169.96,164.41,164.75 | 164.32,164.57,161.47,162.3 | 161.93,162.71,160.06,161.6 | 159.02,160.43,158.22,159.16 | 159.47,160.31,158.03,160.27 | 160.55,162.13,159.79,160.04 | 160.02,164.69,159.51,164.1 | 164.98,166.46,163.47,164.45 | 165.53,167.31,164.87,166.69 | 167.48,167.98,166.31,166.34 | 167.17,167.94,165.18,165.42 | 165.21,165.23,162.62,162.72 | 161.66,163.61,161.36,163.25 | 163.97,163.99,161.55,161.86 | 161.27,161.43,157.32,157.87 | 159.35,160.15,158.08,159.94 | 159.54,161.62,158.71,160.63 | 158.47,159.27,154.62,154.98 | 154.66,156.56,154.34,155.07 | 155.97,157.25,152.64,153.01 | 153.22,154.88,151.03,154.69",,98
Bullish ABCD,bullish,Reversal,"106.67,106.99,105.42,105.79 | 105.79,105.96,105.42,105.53 | 105.53,105.83,104.18,104.77 | 104.77,104.84,104.2,104.25 | 104.25,104.49,101.82,102.14 | 102.14,102.46,100.17,100.39 | 100.39,100.94,98.26,98.32 | 98.32,98.57,96.81,97.18 | 97.18,97.44,96.17,96.36 | 96.36,96.7,93.63,93.66 | 93.66,94.11,92,92.84 | 92.84,93.13,91.37,92.35 | 92.35,94.7,91.99,94.65 | 94.65,95.69,94.28,95.62 | 95.62,96.76,95.39,96.68 | 96.68,98.07,96.31,97.85 | 97.85,99.73,97.35,99.6 | 99.6,100,99,99.37 | 99.37,99.9,98.98,99.19 | 99.19,100.09,97.12,97.36 | 97.36,97.39,96.02,96.18 | 96.18,96.47,95.21,95.25 | 95.25,95.33,92.97,93.59 | 93.59,93.78,92.52,92.57 | 92.57,92.94,90.4,90.43 | 90.43,90.46,89.96,90.36 | 90.36,90.9,88.52,88.61 | 88.61,88.62,87,87.38 | 87.38,88.19,87.3,87.92 | 87.92,89.94,87.18,89.6 | 89.6,91.04,89.49,90.39 | 90.39,92.68,89.93,92.2 | 92.2,93.29,91.53,92.78 | 92.78,95.22,92.56,94.21 | 94.21,95.77,93.87,94.73",0:106;10:92;17:100;27:87,"Price falls from A to B, retraces part of the move to C, then falls from C to D by about the same distance as A to B. The completion at D marks a likely bullish reversal. The simplest harmonic pattern, also known as AB=CD.",NYSE:XOM,3-day,"2019-04-08,2019-04-11,2019-04-16,2019-04-22,2019-04-25,2019-04-30,2019-05-03,2019-05-08,2019-05-13,2019-05-16,2019-05-21,2019-05-24,2019-05-30,2019-06-04,2019-06-07,2019-06-12,2019-06-17,2019-06-20,2019-06-25,2019-06-28,2019-07-03,2019-07-09,2019-07-12,2019-07-17,2019-07-22,2019-07-25,2019-07-30,2019-08-02,2019-08-07,2019-08-12,2019-08-15,2019-08-20,2019-08-23,2019-08-28,2019-09-03,2019-09-06,2019-09-11,2019-09-16,2019-09-19,2019-09-24","82.67,83.2,81.41,81.56 | 81.54,82.81,80.52,80.65 | 80.81,81.83,80.69,81.13 | 81.87,83.49,81.64,81.76 | 81.65,82.84,79.56,79.97 | 80.37,80.53,77.24,77.29 | 77.79,78.21,75.77,76.72 | 76.54,77.29,75.17,76.56 | 75.65,76.8,75.21,76.37 | 76.4,76.95,75.59,75.9 | 76.27,76.46,73.04,73.79 | 74.14,74.25,71.62,72.16 | 72.02,72.13,70.63,71.88 | 72.45,74.62,72.17,74.31 | 74.51,75.81,74.43,74.84 | 74.48,75.17,73.81,74.35 | 74.16,76.22,74.04,75.32 | 76.24,77.76,76.08,76.95 | 77.08,77.22,75.76,75.82 | 76.19,77.92,75.41,75.72 | 75.82,76.7,75.59,76.48 | 76.45,77.63,75.73,77.57 | 77.75,77.88,75.79,75.93 | 75.74,75.96,74.18,74.99 | 75.24,76.05,74.5,75.36 | 75.78,75.78,74.6,75.34 | 75.06,75.66,72.27,72.46 | 72.61,73.26,69.61,70.96 | 69.86,72.41,69.4,70.84 | 70.06,70.62,67.65,67.65 | 67.46,69.65,66.53,69.45 | 69.3,69.98,68.71,69.57 | 68.82,69.53,66.97,67.19 | 67.53,69.08,67.16,68.48 | 67.89,70.55,67.63,70.27 | 70.35,72.85,70.12,72.07 | 72.78,72.84,70.7,72.64 | 75.04,75.18,72.33,72.82 | 72.97,73.19,71.46,72.13 | 71.81,71.87,70.68,70.97",0:83.2;12:70.63;19:77.92;30:66.53,96
Bullish Gartley,bullish,Reversal,"82.79,86.18,82.17,85.56 | 85.56,87.02,84.7,86.85 | 86.85,89.16,86.75,89.01 | 89.01,91.8,88.65,91.58 | 91.58,93.57,91.1,93.26 | 93.26,95.73,92.95,94.93 | 94.93,97.49,94.34,97.16 | 97.16,99,96.7,98.82 | 98.82,101.18,98.67,100.74 | 100.74,103.62,100.23,102.91 | 102.91,105,102.64,104.31 | 104.31,104.86,102.35,102.84 | 102.84,103.46,100.14,100.83 | 100.83,101.04,98.18,98.51 | 98.51,98.81,96.63,96.75 | 96.75,97.14,94.77,94.85 | 94.85,95.27,92.6,92.98 | 92.98,93.8,92.52,93.6 | 93.6,95.56,93.53,95.45 | 95.45,97.18,95.4,96.54 | 96.54,97.61,96.49,97.56 | 97.56,99.36,97.41,99.05 | 99.05,100,98.45,99.2 | 99.2,99.98,97.94,98.78 | 98.78,99.22,97.47,97.81 | 97.81,98.53,96.99,97.07 | 97.07,97.15,95.75,95.97 | 95.97,96.3,94.5,94.77 | 94.77,95.48,93.66,93.85 | 93.85,94.2,92.4,92.42 | 92.42,92.9,90.94,91.2 | 91.2,91.32,90.52,90.54 | 90.54,90.99,89.3,90.16 | 90.16,90.37,89.85,90.31 | 90.31,91.55,89.79,91.2 | 91.2,92.84,91.14,92.51 | 92.51,93.85,92.43,93.51 | 93.51,94.82,93.36,94.5 | 94.5,95.96,94.48,95.78 | 95.78,97.01,95.53,96.95 | 96.95,98.11,96.67,98.11",0:85;10:105;16:92.6;22:100;32:89.3 | 0:85;16:92.6 | 16:92.6;32:89.3,"A five-point harmonic pattern, X-A-B-C-D, where B retraces 61.8% of XA and D completes at the 78.6% retracement of XA. The D point is a potential buying zone. Named after H.M. Gartley, also known as the 222 pattern.",NYSE:KO,Daily,"2017-05-17,2017-05-18,2017-05-19,2017-05-22,2017-05-23,2017-05-24,2017-05-25,2017-05-26,2017-05-30,2017-05-31,2017-06-01,2017-06-02,2017-06-05,2017-06-06,2017-06-07,2017-06-08,2017-06-09,2017-06-12,2017-06-13,2017-06-14,2017-06-15,2017-06-16,2017-06-19,2017-06-20,2017-06-21,2017-06-22,2017-06-23,2017-06-26,2017-06-27,2017-06-28,2017-06-29,2017-06-30,2017-07-03,2017-07-05,2017-07-06,2017-07-07,2017-07-10,2017-07-11,2017-07-12,2017-07-13,2017-07-14,2017-07-17,2017-07-18,2017-07-19,2017-07-20,2017-07-21,2017-07-24,2017-07-25","43.81,44.16,43.71,43.93 | 43.87,43.96,43.64,43.8 | 43.85,44,43.76,43.9 | 43.89,44.22,43.81,44.18 | 44.25,44.6,44.21,44.39 | 44.51,45.09,44.51,45.03 | 45,45.48,44.97,45.41 | 45.35,45.56,45.33,45.39 | 45.16,45.46,45.11,45.43 | 45.43,45.7,45.37,45.47 | 45.45,45.79,45.23,45.79 | 45.83,45.89,45.6,45.89 | 45.78,45.99,45.69,45.99 | 45.9,46.06,45.78,45.98 | 45.5,45.7,45.35,45.51 | 45.39,45.51,45.03,45.13 | 45.06,45.35,44.97,45.32 | 45.35,45.48,45.15,45.33 | 45,45.11,44.8,45.03 | 45.18,45.47,45.16,45.3 | 45.18,45.34,45.04,45.25 | 45.31,45.35,45.01,45.31 | 45.35,45.38,45.1,45.38 | 45.35,45.87,45.32,45.61 | 45.62,45.68,45.16,45.22 | 45.17,45.28,45.03,45.07 | 45.05,45.38,45.03,45.25 | 45.32,45.51,45.3,45.43 | 45.34,45.4,45,45.05 | 45.25,45.5,45.23,45.32 | 45.13,45.24,44.65,44.83 | 44.89,45.12,44.85,44.85 | 45.11,45.27,44.76,44.76 | 44.79,44.99,44.73,44.82 | 44.72,44.85,44.29,44.4 | 44.47,44.52,44.24,44.39 | 44.45,44.58,44.23,44.38 | 44.32,44.48,44.15,44.33 | 44.59,44.77,44.44,44.51 | 44.49,44.52,44.37,44.43 | 44.52,44.72,44.49,44.68 | 44.66,44.78,44.61,44.73 | 44.78,44.85,44.62,44.67 | 44.67,44.84,44.55,44.83 | 44.9,44.98,44.75,44.82 | 44.78,45.07,44.67,45.03 | 45.04,45.05,44.83,44.84 | 45.02,45.29,44.94,45.24",3:44.22;13:46.06;18:44.8;23:45.87;37:44.15,90
Inverse Head and Shoulders,bullish,Reversal,"106.64,106.65,103.18,104.51 | 104.51,105.36,103.15,103.62 | 103.62,104.04,100.15,101.89 | 101.89,102.03,100.07,101.43 | 101.43,102.3,98.41,98.7 | 98.7,99.04,98.38,98.64 | 98.64,99.33,97.14,97.15 | 97.15,97.74,94.63,94.69 | 94.69,95.42,93.78,94.47 | 94.47,94.97,92.18,92.2 | 92.2,92.61,91,91.56 | 91.56,93.3,90.56,92.77 | 92.77,95.87,92.73,94.46 | 94.46,95.18,94.25,94.52 | 94.52,96.42,94,95.88 | 95.88,97,95.45,96.57 | 96.57,97.4,94.79,95.08 | 95.08,95.75,92.08,92.38 | 92.38,93,89.32,89.69 | 89.69,91.2,87.53,87.98 | 87.98,88.15,84.66,85.22 | 85.22,85.77,83.82,83.96 | 83.96,84.58,81,81.41 | 81.41,84.26,81.26,84.1 | 84.1,86.53,83.96,85.96 | 85.96,88.97,85.4,88.55 | 88.55,92.28,88.5,92.23 | 92.23,94.58,91.74,94.1 | 94.1,97,94.03,96.37 | 96.37,97.14,95.31,95.34 | 95.34,96.51,94,94.08 | 94.08,95.69,93.26,94.04 | 94.04,94.14,91.25,92.87 | 92.87,93.18,90.26,91.24 | 91.24,91.37,90,90.4 | 90.4,91.43,90.23,90.85 | 90.85,93.09,90.33,92.78 | 92.78,94.76,92.75,94.26 | 94.26,96.79,93.85,96.51 | 96.51,97.34,95.06,97.14 | 97.14,99.72,96.7,99.19 | 99.19,101.01,98.88,100.13 | 100.13,101.11,99.81,100.85 | 100.85,101.96,100.57,101.94 | 101.94,103.89,101.91,103.3 | 103.3,103.89,102.55,103.24 | 103.24,106.32,103.21,106.03 | 106.03,106.38,105.65,106.23",8:97;42:97,"Three troughs after a downtrend, with the middle trough (the head) lower than the two shoulders on either side. A break above the neckline joining the two peaks signals a bullish reversal. Also known as a Head and Shoulders Bottom.",NASDAQ:GOOGL,Daily,"2023-02-02,2023-02-03,2023-02-06,2023-02-07,2023-02-08,2023-02-09,2023-02-10,2023-02-13,2023-02-14,2023-02-15,2023-02-16,2023-02-17,2023-02-21,2023-02-22,2023-02-23,2023-02-24,2023-02-27,2023-02-28,2023-03-01,2023-03-02,2023-03-03,2023-03-06,2023-03-07,2023-03-08,2023-03-09,2023-03-10,2023-03-13,2023-03-14,2023-03-15,2023-03-16,2023-03-17,2023-03-20,2023-03-21,2023-03-22,2023-03-23,2023-03-24","105.8,107.85,105.61,107.74 | 102.93,107.81,102.58,104.78 | 102.4,104.36,101.88,102.9 | 103.22,108.18,103.12,107.64 | 102.05,103.14,98.03,99.37 | 100,100.03,93.63,95.01 | 95.45,96.75,94.25,94.57 | 94.74,95.2,93.84,94.61 | 94.43,94.84,92.26,94.68 | 94.49,97.12,94.15,96.94 | 95.37,97.68,94.74,95.51 | 94.85,95.56,93.21,94.35 | 93,93.1,91.72,91.79 | 91.7,92.11,90.61,91.65 | 91.92,91.94,89.76,90.89 | 89.44,89.89,88.58,89.13 | 89.87,90.16,89.33,89.87 | 89.33,91.23,89.32,90.06 | 89.98,91.03,89.67,90.36 | 89.66,92.28,89.59,92 | 92.48,93.73,92.45,93.65 | 94.02,95.97,94,95.13 | 94.98,95.67,93.53,93.86 | 94.12,95.95,94,94.25 | 94.05,95.53,91.9,92.32 | 92.17,92.79,90.39,90.63 | 90.09,92.57,89.42,91.11 | 92.56,94.36,92.44,93.97 | 93.22,96.93,92.64,96.11 | 96.2,101.19,95.5,100.32 | 100.26,102.83,100.1,101.62 | 100.12,101.75,99.87,101.22 | 101.25,105.1,101.22,104.92 | 104.27,106.59,103.33,103.37 | 105.06,106.3,104.46,105.6 | 104.99,105.49,103.84,105.44",6:96.83;31:96.83,92
Double Bottom,bullish,Reversal,"101.27,101.74,99.98,100.11 | 100.11,101.1,98.31,98.39 | 98.39,99.01,96.05,96.91 | 96.91,97.1,95.31,96.09 | 96.09,96.27,93.79,94.04 | 94.04,94.12,92.05,92.8 | 92.8,93.72,90.39,90.48 | 90.48,91.06,89.11,89.45 | 89.45,89.63,87.86,88.27 | 88.27,88.5,86.82,87.07 | 87.07,87.73,85.3,85.48 | 85.48,86.09,83.74,84.13 | 84.13,84.7,82,82.6 | 82.6,83.17,82.55,83.1 | 83.1,85.67,83.08,84.9 | 84.9,86.75,84.61,86.55 | 86.55,86.84,85.88,86.71 | 86.71,89.15,86.26,88.25 | 88.25,90.17,87.82,90 | 90,91,89.75,90.65 | 90.65,90.9,89.24,89.82 | 89.82,89.95,88.36,88.74 | 88.74,88.82,86.8,87 | 87,87.33,86.07,86.69 | 86.69,87.39,85.24,85.44 | 85.44,85.55,84.28,84.61 | 84.61,84.65,82.47,83 | 83,83.45,82,82.73 | 82.73,83.94,82.19,83.77 | 83.77,85.25,83.38,84.99 | 84.99,86.55,84.92,86.54 | 86.54,88.9,86.13,88.59 | 88.59,90.31,88.58,90.09 | 90.09,91.78,89.87,91.5 | 91.5,92.9,91.24,92.83 | 92.83,94.21,92.65,94.07 | 94.07,95.62,93.76,95.17 | 95.17,95.88,94.77,95.65 | 95.65,97.51,94.93,97.24 | 97.24,98.27,96.79,98.18 | 98.18,99.36,97.87,99 | 99,100.77,98.4,100.05",10:82;29:82 | 12:91;37:91,"Two troughs at about the same price after a downtrend, separated by a peak. Sellers fail twice at the same support. The pattern confirms when price closes above the peak between the troughs. Also known as a W pattern.",NASDAQ:AMZN,Daily,"2023-09-12,2023-09-13,2023-09-14,2023-09-15,2023-09-18,2023-09-19,2023-09-20,2023-09-21,2023-09-22,2023-09-25,2023-09-26,2023-09-27,2023-09-28,2023-09-29,2023-10-02,2023-10-03,2023-10-04,2023-10-05,2023-10-06,2023-10-09,2023-10-10,2023-10-11,2023-10-12,2023-10-13,2023-10-16,2023-10-17,2023-10-18,2023-10-19,2023-10-20,2023-10-23,2023-10-24,2023-10-25,2023-10-26,2023-10-27,2023-10-30,2023-10-31,2023-11-01,2023-11-02,2023-11-03,2023-11-06,2023-11-07,2023-11-08,2023-11-09,2023-11-10,2023-11-13,2023-11-14,2023-11-15","142.32,143,140.61,141.23 | 140.95,144.98,140.87,144.85 | 145.08,145.86,142.95,144.72 | 142.69,143.57,140.09,140.39 | 140.48,141.75,139.22,139.98 | 138.7,138.84,135.56,137.63 | 138.55,139.37,135.2,135.29 | 131.94,132.24,129.31,129.33 | 131.11,132.03,128.52,129.12 | 129.36,131.78,128.77,131.27 | 130.12,130.39,125.28,125.98 | 125.76,127.48,124.13,125.98 | 124.04,126.58,123.04,125.98 | 128.2,129.15,126.32,127.12 | 127.28,130.47,126.54,129.46 | 128.06,128.52,124.25,124.72 | 126.06,127.36,125.68,127 | 126.71,126.73,124.33,125.96 | 124.16,128.45,124.13,127.96 | 126.22,128.79,124.76,128.26 | 128.82,130.74,128.05,129.48 | 129.74,132.05,129.61,131.83 | 132.17,134.48,131.23,132.33 | 132.98,133.31,128.95,129.79 | 130.69,133.07,130.43,132.55 | 130.39,132.58,128.71,131.47 | 129.9,130.67,127.51,128.13 | 130.56,132.24,127.47,128.4 | 128.05,128.17,124.97,125.17 | 124.63,127.88,123.98,126.56 | 127.74,128.8,126.34,128.56 | 126.04,126.34,120.79,121.39 | 120.63,121.64,118.35,119.57 | 126.2,130.02,125.52,127.74 | 129.72,133,128.56,132.71 | 132.75,133.57,131.71,133.09 | 133.96,137.35,133.71,137 | 138.73,138.81,136.47,138.07 | 138.99,139.49,137.45,138.6 | 138.76,140.73,138.36,139.74 | 140.55,143.37,140.5,142.71 | 142.97,143.12,141.22,142.08 | 142.02,142.65,139.84,140.6 | 140.46,143.65,139.91,143.56 | 142.08,143.23,140.67,142.59 | 145,147.26,144.68,145.8 | 147.06,147.29,142.59,143.2",11:120.69;33:120.69 | 13:134.41;42:134.41,94
Triple Bottom,bullish,Reversal,"101.73,101.97,99.85,100.02 | 100.02,100.37,97.14,97.91 | 97.91,98.16,96.41,96.58 | 96.58,96.83,94.56,94.66 | 94.66,94.79,92.49,92.55 | 92.55,92.59,90.84,90.85 | 90.85,90.96,88.87,89.19 | 89.19,89.36,87.45,87.81 | 87.81,88.39,85.47,85.5 | 85.5,85.89,83.24,83.33 | 83.33,83.56,82,82.27 | 82.27,84,82.26,83.36 | 83.36,85.54,83.12,85.19 | 85.19,86.66,84.9,86.65 | 86.65,88.85,86.57,88.18 | 88.18,90,87.19,89.7 | 89.7,90.49,88.65,88.81 | 88.81,88.96,86.81,87.35 | 87.35,87.87,85.4,85.9 | 85.9,86.15,84.05,84.13 | 84.13,84.52,82.41,83.58 | 83.58,83.68,82,82.39 | 82.39,84.77,81.85,84.33 | 84.33,85.86,84.15,85.53 | 85.53,86.95,85.22,86.52 | 86.52,88.28,86.29,87.85 | 87.85,90,87.69,89.74 | 89.74,89.87,88.82,89.01 | 89.01,89.54,87.3,87.78 | 87.78,88.06,85.44,85.6 | 85.6,85.62,85.09,85.24 | 85.24,85.44,82.32,83.18 | 83.18,83.28,82,82.5 | 82.5,83.96,82.27,83.49 | 83.49,85.98,83.41,85.58 | 85.58,87.51,84.87,86.96 | 86.96,88.53,86.48,88.25 | 88.25,90.36,88.04,90.22 | 90.22,92.68,89.76,92.36 | 92.36,93.33,92.33,93.23 | 93.23,93.97,93.15,93.63 | 93.63,95.22,92.85,94.72 | 94.72,96.85,94.15,96.58 | 96.58,97.65,95.84,97.1 | 97.1,98.62,97.07,98.52 | 98.52,99.23,97.95,99.11",8:82;34:82 | 13:90;40:90,"Three troughs at about the same price after a downtrend. Support holds three times, and a close above the resistance line through the peaks confirms a bullish reversal.",NASDAQ:META,Daily,"2016-10-26,2016-10-27,2016-10-28,2016-10-31,2016-11-01,2016-11-02,2016-11-03,2016-11-04,2016-11-07,2016-11-08,2016-11-09,2016-11-10,2016-11-11,2016-11-14,2016-11-15,2016-11-16,2016-11-17,2016-11-18,2016-11-21,2016-11-22,2016-11-23,2016-11-25,2016-11-28,2016-11-29,2016-11-30,2016-12-01,2016-12-02,2016-12-05,2016-12-06,2016-12-07,2016-12-08,2016-12-09,2016-12-12,2016-12-13,2016-12-14,2016-12-15,2016-12-16,2016-12-19,2016-12-20,2016-12-21,2016-12-22,2016-12-23,2016-12-27,2016-12-28,2016-12-29,2016-12-30,2017-01-03,2017-01-04,2017-01-05,2017-01-06,2017-01-09,2017-01-10,2017-01-11,2017-01-12,2017-01-13,2017-01-17,2017-01-18,2017-01-19,2017-01-20,2017-01-23,2017-01-24,2017-01-25","131.64,132.26,130.94,131.04 | 131.74,131.8,129.27,129.69 | 130.5,132.97,129.93,131.29 | 132.01,132.12,130.88,130.99 | 131.41,131.94,128.65,129.5 | 130.23,130.23,126.28,127.17 | 122,123.28,119.5,120 | 119.59,121.93,119.25,120.75 | 122.83,123.21,121.35,122.15 | 122.03,124.61,121.54,124.22 | 121.5,123.81,120.51,123.18 | 123.93,124.18,115.27,120.8 | 119.53,120.7,118.15,119.02 | 119.13,119.13,113.55,115.08 | 116.73,118.49,115.83,117.2 | 114.48,117.88,114.21,116.34 | 116.81,117.79,116.01,117.79 | 118.39,119.13,116.84,117.02 | 118.2,121.95,117.8,121.77 | 122.4,122.98,120.9,121.47 | 121.23,121.31,119.94,120.84 | 121.01,121.14,120.07,120.38 | 120.12,121.69,119.82,120.41 | 120.57,122.1,120.4,120.87 | 120.32,121.79,117.95,118.42 | 118.38,118.45,114,115.1 | 115.11,116.48,114.3,115.4 | 115.95,117.57,115.07,117.43 | 117.69,117.8,116.33,117.31 | 117,117.95,116.57,117.95 | 117.98,119.5,117.64,118.91 | 119.22,119.94,118.95,119.68 | 119.22,119.24,117.65,117.77 | 117.86,121.52,117.61,120.31 | 120,121.69,118.85,120.21 | 120.08,122.5,119.63,120.57 | 120.9,121.5,119.27,119.87 | 119.85,120.36,118.51,119.24 | 119.5,119.77,118.8,119.09 | 118.92,119.2,118.48,119.04 | 118.86,118.99,116.93,117.4 | 117,117.56,116.3,117.27 | 116.96,118.68,116.86,118.01 | 118.19,118.25,116.65,116.92 | 117,117.53,116.06,116.35 | 116.59,116.83,114.77,115.05 | 116.03,117.84,115.51,116.86 | 117.55,119.66,117.29,118.69 | 118.86,120.95,118.32,120.67 | 120.98,123.88,120.03,123.41 | 123.55,125.43,123.04,124.9 | 124.82,125.5,124.28,124.35 | 124.35,126.12,124.06,126.09 | 125.61,126.73,124.8,126.62 | 127.49,129.27,127.37,128.34 | 128.04,128.34,127.4,127.87 | 128.41,128.43,126.84,127.92 | 128.23,128.35,127.45,127.55 | 128.1,128.48,126.78,127.04 | 127.31,129.25,126.95,128.93 | 129.38,129.9,128.38,129.37 | 130,131.74,129.77,131.48",11:114;46:114 | 18:122.74;54:122.74,94
Rounding Top,bearish,Reversal,"80.85,82.88,80.28,82.56 | 82.56,82.86,82.03,82.76 | 82.76,83.59,82.06,83.4 | 83.4,85.78,82.12,85.42 | 85.42,86.75,85.4,85.8 | 85.8,87.89,85.74,86.98 | 86.98,88.88,86.7,88.39 | 88.39,90.24,88.31,89.89 | 89.89,92.24,89,91.96 | 91.96,93.92,91.75,93.47 | 93.47,95.54,92.86,95.08 | 95.08,97.6,94.13,97.27 | 97.27,98.68,96.68,98.42 | 98.42,99.66,98.41,99.48 | 99.48,100.8,99.11,100.22 | 100.22,103.31,99.71,102.5 | 102.5,104.26,102.03,103.97 | 103.97,104.39,102.47,103.93 | 103.93,105.33,103.79,105.23 | 105.23,106.12,104.96,105.36 | 105.36,106.18,105.32,106.09 | 106.09,107.73,105.58,107.52 | 107.52,107.8,106.99,107.25 | 107.25,107.91,107,107.53 | 107.53,108.02,107.03,107.8 | 107.8,108.79,106.81,107.9 | 107.9,108,106.79,107.45 | 107.45,108.36,107.26,108.09 | 108.09,109.23,107.22,107.75 | 107.75,109.19,106.76,108.06 | 108.06,108.52,106.31,106.92 | 106.92,107.27,106.53,106.75 | 106.75,106.96,105.92,106 | 106,107.32,105.78,106.6 | 106.6,106.68,103.95,104.55 | 104.55,104.81,102.88,104.29 | 104.29,104.79,102.25,102.83 | 102.83,103.55,102.26,102.84 | 102.84,103.09,101.61,101.92 | 101.92,101.96,99.44,99.86 | 99.86,99.87,98.43,98.93 | 98.93,100.02,96.18,96.42 | 96.42,97.71,94.73,95.59 | 95.59,96.1,93.32,93.89 | 93.89,93.94,91.59,92.19 | 92.19,92.3,90.67,90.9 | 90.9,91.4,88.18,88.64 | 88.64,88.67,88.12,88.41 | 88.41,88.46,87.83,88.24 | 88.24,89.2,85.52,86.77 | 86.77,87.02,85.22,86.93 | 86.93,86.96,85.68,85.69 | 85.69,85.99,84,84.36 | 84.36,84.67,83.75,83.95 | 83.95,85.14,83.21,83.59 | 83.59,85,79.83,81.07 | 81.07,81.65,79.32,79.63",6:88;50:88,"A long, gradual dome-shaped turn from an uptrend to a downtrend, as buying slowly fades and selling slowly builds. A move below the level where the advance began confirms it. Also known as an Inverted Saucer.",NASDAQ:NVDA,Daily,"2019-03-01,2019-03-04,2019-03-05,2019-03-06,2019-03-07,2019-03-08,2019-03-11,2019-03-12,2019-03-13,2019-03-14,2019-03-15,2019-03-18,2019-03-19,2019-03-20,2019-03-21,2019-03-22,2019-03-25,2019-03-26,2019-03-27,2019-03-28,2019-03-29,2019-04-01,2019-04-02,2019-04-03,2019-04-04,2019-04-05,2019-04-08,2019-04-09,2019-04-10,2019-04-11,2019-04-12,2019-04-15,2019-04-16,2019-04-17,2019-04-18,2019-04-22,2019-04-23,2019-04-24,2019-04-25,2019-04-26,2019-04-29,2019-04-30,2019-05-01,2019-05-02,2019-05-03,2019-05-06,2019-05-07,2019-05-08,2019-05-09,2019-05-10,2019-05-13,2019-05-14,2019-05-15,2019-05-16,2019-05-17,2019-05-20,2019-05-21,2019-05-22,2019-05-23,2019-05-24,2019-05-28,2019-05-29,2019-05-30,2019-05-31","3.9068,3.9537,3.848,3.9112 | 3.95,3.973,3.8625,3.9195 | 3.9038,3.9514,3.849,3.913 | 3.904,3.9125,3.7985,3.8013 | 3.7775,3.7872,3.685,3.7315 | 3.6415,3.7767,3.62,3.766 | 3.7898,4.0515,3.7422,4.0285 | 4.0565,4.1098,3.9798,4.063 | 4.1007,4.245,4.0933,4.2155 | 4.2248,4.2367,4.1312,4.139 | 4.1825,4.2882,4.179,4.2453 | 4.277,4.3312,4.1964,4.2237 | 4.319,4.4375,4.302,4.3928 | 4.422,4.4757,4.325,4.36 | 4.3833,4.625,4.3783,4.5985 | 4.571,4.62,4.4235,4.4375 | 4.3965,4.4612,4.2778,4.3445 | 4.4872,4.5438,4.3649,4.4218 | 4.4475,4.4943,4.3425,4.4125 | 4.4387,4.4975,4.3777,4.4313 | 4.4985,4.5135,4.4478,4.489 | 4.5815,4.5875,4.5094,4.557 | 4.5812,4.6197,4.538,4.575 | 4.625,4.775,4.62,4.7155 | 4.7,4.7492,4.6433,4.7065 | 4.75,4.7912,4.7133,4.7737 | 4.743,4.82,4.7188,4.7947 | 4.761,4.7722,4.689,4.7315 | 4.7307,4.8285,4.7263,4.8025 | 4.805,4.8368,4.7387,4.7885 | 4.8275,4.8315,4.7415,4.7503 | 4.7425,4.7475,4.5775,4.6175 | 4.657,4.7242,4.6241,4.7053 | 4.7405,4.7615,4.6597,4.6822 | 4.689,4.7233,4.6295,4.6575 | 4.6338,4.7275,4.602,4.7118 | 4.725,4.7983,4.7153,4.7668 | 4.7773,4.8202,4.716,4.7793 | 4.7387,4.7613,4.5925,4.6727 | 4.5178,4.5222,4.3325,4.4523 | 4.4603,4.5113,4.3875,4.4832 | 4.4508,4.5507,4.4315,4.525 | 4.5777,4.6203,4.5115,4.5118 | 4.5215,4.6217,4.4779,4.5797 | 4.5883,4.5983,4.5133,4.5752 | 4.3875,4.5085,4.35,4.4962 | 4.4475,4.4475,4.2793,4.3277 | 4.3,4.4287,4.288,4.348 | 4.2785,4.2882,4.135,4.2547 | 4.2237,4.2897,4.1,4.2205 | 4.0875,4.1108,3.9453,3.9613 | 4.0012,4.0865,3.9623,4.051 | 3.995,4.0263,3.9352,3.9895 | 3.984,4.0476,3.9413,4.0047 | 3.9625,4.0927,3.8735,3.9133 | 3.8138,3.8693,3.7687,3.7938 | 3.855,3.8925,3.816,3.8765 | 3.8375,3.8638,3.794,3.805 | 3.7422,3.7422,3.6228,3.683 | 3.702,3.7375,3.622,3.6288 | 3.6465,3.6795,3.5812,3.5833 | 3.5353,3.5705,3.4735,3.5085 | 3.5078,3.5437,3.4392,3.4777 | 3.4285,3.4612,3.3847,3.3865",7:3.9311;56:3.9311,96
Inverse Cup and Handle,bearish,Continuation,"110.95,111.25,109.75,110.05 | 110.05,110.79,106.27,106.29 | 106.29,107.34,103.98,104.13 | 104.13,104.22,101.91,102.06 | 102.06,102.36,99,99.21 | 99.21,99.5,96.44,96.78 | 96.78,96.97,95.08,95.46 | 95.46,97.36,94.89,96.53 | 96.53,99,96.13,98.68 | 98.68,99.98,98.5,99.49 | 99.49,100.78,99.34,100.72 | 100.72,102.53,100.06,102.48 | 102.48,104.31,101.06,104.06 | 104.06,105.13,103.97,104.82 | 104.82,105.91,103.85,105.76 | 105.76,107.88,104.97,107.08 | 107.08,108.12,106.42,107.88 | 107.88,109.33,107.55,108.21 | 108.21,111.05,108.14,110.01 | 110.01,110.69,109.38,109.48 | 109.48,109.61,108.49,109.35 | 109.35,110.7,109.24,110.14 | 110.14,110.18,109.52,109.76 | 109.76,110.09,108.86,109.39 | 109.39,109.71,107.58,108.8 | 108.8,108.9,108.66,108.8 | 108.8,108.84,107.1,107.5 | 107.5,108.14,107.34,107.88 | 107.88,108.76,105.83,106.35 | 106.35,106.59,105.67,105.96 | 105.96,106.03,104.42,104.55 | 104.55,105.31,101.87,101.94 | 101.94,102.46,100.39,101.43 | 101.43,101.51,99.2,99.78 | 99.78,100.42,97.77,98.43 | 98.43,99.01,96.43,96.71 | 96.71,97.04,95.08,96.18 | 96.18,97.22,95.91,96.77 | 96.77,96.87,96.37,96.68 | 96.68,97.58,96.34,97.02 | 97.02,97.75,97.01,97.2 | 97.2,97.55,96.58,97.35 | 97.35,99.21,96.21,98.48 | 98.48,98.58,96.58,98.18 | 98.18,98.7,96.93,97.17 | 97.17,97.18,95.7,95.88 | 95.88,96.07,93.06,94 | 94,94.03,92.81,92.81 | 92.81,93.39,91.2,91.96 | 91.96,92.86,91.17,91.32 | 91.32,91.34,89.35,89.8 | 89.8,90.36,88.16,88.55 | 88.55,88.63,86.75,87.41 | 87.41,87.62,85.54,86.47 | 86.47,87.75,84.37,84.76",6:95.08;47:95.08,"An upside-down cup followed by a short bounce (the handle), both above a support level. A breakdown below the support continues the prior downtrend. Also known as an Inverted Cup and Handle.",FX:USDJPY,Daily,"2019-03-14,2019-03-17,2019-03-18,2019-03-19,2019-03-20,2019-03-21,2019-03-24,2019-03-25,2019-03-26,2019-03-27,2019-03-28,2019-03-31,2019-04-01,2019-04-02,2019-04-03,2019-04-04,2019-04-07,2019-04-08,2019-04-09,2019-04-10,2019-04-11,2019-04-14,2019-04-15,2019-04-16,2019-04-17,2019-04-18,2019-04-21,2019-04-22,2019-04-23,2019-04-24,2019-04-25,2019-04-28,2019-04-29,2019-04-30,2019-05-01,2019-05-02,2019-05-05,2019-05-06,2019-05-07,2019-05-08,2019-05-09,2019-05-12,2019-05-13,2019-05-14,2019-05-15,2019-05-16,2019-05-19,2019-05-20,2019-05-21,2019-05-22,2019-05-23,2019-05-26,2019-05-27,2019-05-28,2019-05-29,2019-05-30,2019-06-02,2019-06-03,2019-06-04,2019-06-05,2019-06-06","111.68,111.9,111.38,111.45 | 111.45,111.63,111.3,111.43 | 111.43,111.48,111.16,111.39 | 111.39,111.69,110.54,110.69 | 110.69,110.96,110.3,110.8 | 110.8,110.9,109.74,109.9 | 109.9,110.24,109.7,109.97 | 109.97,110.69,109.91,110.62 | 110.62,110.71,110.23,110.5 | 110.5,110.83,110.02,110.62 | 110.62,110.95,110.53,110.85 | 111.02,111.44,110.8,111.34 | 111.34,111.46,111.25,111.32 | 111.32,111.58,111.21,111.48 | 111.48,111.68,111.33,111.66 | 111.66,111.82,111.53,111.7 | 111.66,111.75,111.28,111.46 | 111.46,111.58,110.98,111.12 | 111.12,111.28,110.84,111 | 111,111.7,110.9,111.64 | 111.64,112.1,111.59,112.01 | 111.95,112.1,111.89,112.03 | 112.03,112.05,111.84,112 | 112,112.17,111.92,112.06 | 112.06,112.06,111.77,111.97 | 111.97,112.01,111.9,111.92 | 111.86,111.99,111.84,111.93 | 111.93,112.03,111.65,111.85 | 111.85,112.4,111.68,112.17 | 112.17,112.24,111.36,111.6 | 111.6,112.03,111.43,111.54 | 111.54,111.9,111.54,111.65 | 111.65,111.69,111.24,111.42 | 111.42,111.61,111.05,111.37 | 111.37,111.67,111.35,111.49 | 111.49,111.69,111.07,111.08 | 110.6,110.96,110.28,110.74 | 110.74,110.85,110.17,110.23 | 110.23,110.29,109.9,110.09 | 110.09,110.12,109.47,109.76 | 109.76,110.05,109.47,109.94 | 109.75,109.84,109.02,109.31 | 109.31,109.77,109.15,109.59 | 109.59,109.7,109.15,109.59 | 109.59,109.97,109.34,109.84 | 109.84,110.19,109.49,110.06 | 110.1,110.32,109.81,110.06 | 110.06,110.67,110.01,110.5 | 110.5,110.63,110.24,110.35 | 110.35,110.37,109.46,109.61 | 109.61,109.75,109.27,109.28 | 109.33,109.59,109.28,109.51 | 109.51,109.63,109.21,109.37 | 109.37,109.7,109.15,109.59 | 109.59,109.93,109.47,109.62 | 109.62,109.62,108.28,108.28 | 108.28,108.45,107.88,108.06 | 108.06,108.36,107.85,108.15 | 108.15,108.49,107.82,108.46 | 108.46,108.56,108.03,108.39 | 108.39,108.62,107.88,108.16",7:109.36;52:109.36,96
Falling Wedge,bullish,Reversal,"104.47,104.68,101.69,102.03 | 102.03,102.74,99.69,99.9 | 99.9,99.93,97.95,98.04 | 98.04,98.74,94.89,95.22 | 95.22,95.43,93.65,93.81 | 93.81,94.55,91.22,91.73 | 91.73,92.82,91.52,92.73 | 92.73,94.35,92.63,93.74 | 93.74,95.47,93.4,95.3 | 95.3,96.99,95.14,96.81 | 96.81,97.89,96.79,97.57 | 97.57,97.79,95.57,95.6 | 95.6,96.03,94.23,94.29 | 94.29,94.46,92.61,92.65 | 92.65,92.67,90.88,90.92 | 90.92,91.24,89,89.28 | 89.28,89.38,88.94,89.2 | 89.2,91.07,89.13,90.88 | 90.88,91.89,90.83,91.56 | 91.56,92.82,91.37,92.22 | 92.22,93.44,91.46,92.93 | 92.93,93.45,92.18,92.66 | 92.66,93.05,90.47,91.02 | 91.02,91.56,89.43,89.6 | 89.6,89.62,87.96,88.18 | 88.18,88.37,86.78,87.25 | 87.25,88.45,87.13,87.85 | 87.85,88.26,87.62,87.9 | 87.9,89.09,87.64,88.97 | 88.97,89.44,88.55,89 | 89,89.16,88.1,88.54 | 88.54,88.56,86.63,86.77 | 86.77,86.99,85.55,85.93 | 85.93,86.14,85,85.57 | 85.57,86.21,85.07,86.15 | 86.15,87.6,86.09,87.16 | 87.16,88.87,86.62,88.79 | 88.79,90.2,88.27,89.85 | 89.85,91.22,89.79,91.01 | 91.01,92.85,90.69,92.72 | 92.72,93.79,92.44,93.73 | 93.73,95.49,93.54,95.25 | 95.25,96.76,95.18,96.64 | 96.64,98.28,96.44,98.07 | 98.07,99.88,97.64,99.82",0:92.33;36:84.33 | 0:102.33;36:86.33,"Price falls between two downward-sloping lines that converge, with the upper line falling faster. Each new low loses less ground, and a break above the upper line usually leads to a rally. Can appear as a reversal at the bottom of a downtrend or as a bullish continuation within an uptrend.",NASDAQ:AMZN,Daily,"2022-11-15,2022-11-16,2022-11-17,2022-11-18,2022-11-21,2022-11-22,2022-11-23,2022-11-25,2022-11-28,2022-11-29,2022-11-30,2022-12-01,2022-12-02,2022-12-05,2022-12-06,2022-12-07,2022-12-08,2022-12-09,2022-12-12,2022-12-13,2022-12-14,2022-12-15,2022-12-16,2022-12-19,2022-12-20,2022-12-21,2022-12-22,2022-12-23,2022-12-27,2022-12-28,2022-12-29,2022-12-30,2023-01-03,2023-01-04,2023-01-05,2023-01-06,2023-01-09,2023-01-10,2023-01-11,2023-01-12,2023-01-13,2023-01-17,2023-01-18","103.21,103.79,97.34,98.94 | 96.85,98.49,95.54,97.12 | 95.37,96.97,94.03,94.85 | 95.95,95.99,92.48,94.14 | 93.97,95.02,90.59,92.46 | 92.62,93.35,90.87,93.2 | 93.24,94.58,92.83,94.13 | 93.79,94.43,93.06,93.41 | 93.93,96.4,93.43,93.95 | 94.04,94.41,91.44,92.42 | 92.47,96.54,91.53,96.54 | 96.99,97.23,94.92,95.5 | 94.47,95.36,93.78,94.13 | 93.05,94.06,90.82,91.01 | 90.5,91.04,87.9,88.25 | 88.34,89.89,87.48,88.46 | 89.24,90.86,87.88,90.35 | 88.9,90.3,88.63,89.09 | 89.21,90.58,87.87,90.55 | 95.23,96.25,90.52,92.49 | 92.5,93.46,89.87,91.58 | 89.89,89.97,87.47,88.45 | 88.27,89.35,86.73,87.86 | 87.51,87.63,84.51,84.92 | 85.33,86.61,84.33,85.19 | 86.17,87.22,85.21,86.77 | 85.52,85.68,82.25,83.79 | 83.25,85.78,82.93,85.25 | 84.97,85.35,83,83.04 | 82.8,83.48,81.69,81.82 | 82.87,84.55,82.55,84.18 | 83.12,84.05,82.47,84 | 85.46,86.96,84.2,85.82 | 86.55,86.98,83.36,85.14 | 85.33,85.42,83.07,83.12 | 83.03,86.4,81.43,86.08 | 87.46,89.48,87.08,87.36 | 87.57,90.19,87.29,89.87 | 90.93,95.26,90.93,95.09 | 96.93,97.19,93.5,95.27 | 94.18,98.37,94.12,98.12 | 98.68,98.89,95.73,96.05 | 97.25,99.32,95.38,95.46",0:91.78;34:81 | 0:106.08;34:82.87,92
Descending Triangle,bearish,Continuation,"114.56,114.73,108.12,109.33 | 109.33,109.73,103.3,104.61 | 104.61,105.25,99.13,99.98 | 99.98,100.05,93.39,93.91 | 93.91,95.63,90,90.97 | 90.97,93.44,90.89,92.09 | 92.09,95.53,90.67,94.57 | 94.57,96.72,94.55,96.36 | 96.36,99.85,95.86,99.19 | 99.19,100.75,98.9,100.16 | 100.16,100.54,97.34,98.87 | 98.87,99.7,96.18,97.2 | 97.2,97.37,94.98,95.48 | 95.48,96.53,90.54,91.49 | 91.49,92.58,90,90.85 | 90.85,91.81,90.6,91.04 | 91.04,93.86,90.88,93.58 | 93.58,95.38,93.15,94.92 | 94.92,96.62,93.85,96.35 | 96.35,97.14,95.86,96.19 | 96.19,96.87,96.18,96.5 | 96.5,96.72,94.61,94.63 | 94.63,94.67,92.39,93.13 | 93.13,93.82,90.43,90.5 | 90.5,91.33,90,90.9 | 90.9,91.72,90.61,91.2 | 91.2,92.12,90.58,91.86 | 91.86,94.09,90.71,93.9 | 93.9,93.9,92.53,93.33 | 93.33,93.68,92.11,93.52 | 93.52,93.66,91.36,91.58 | 91.58,93,91.18,92.75 | 92.75,92.95,90,90.65 | 90.65,91.15,89.56,90.31 | 90.31,91.72,89.81,90.75 | 90.75,90.93,88.97,89.86 | 89.86,90.09,89.21,89.23 | 89.23,89.33,87.1,87.49 | 87.49,87.59,86.66,86.87 | 86.87,87.27,86.02,86.29 | 86.29,86.48,85.35,85.72 | 85.72,86.46,83.6,84.67 | 84.67,84.74,82.95,83.64 | 83.64,83.9,82.16,82.65 | 82.65,83.06,82.07,82.23 | 82.23,82.41,81.25,81.7 | 81.7,81.92,79.18,79.76",2:90;38:90 | 2:103;36:90.5,"A flat support line underneath and a falling resistance line on top. Sellers make lower highs while buyers defend one price, and a breakdown below support usually continues the downtrend.",NYSE:NKE,3-day,"2026-03-20,2026-03-25,2026-03-30,2026-04-02,2026-04-08,2026-04-13,2026-04-16,2026-04-21,2026-04-24,2026-04-29,2026-05-04,2026-05-07,2026-05-12,2026-05-15,2026-05-20,2026-05-26,2026-05-29,2026-06-03,2026-06-08,2026-06-11,2026-06-16,2026-06-22,2026-06-25,2026-06-30,2026-07-06,2026-07-09,2026-07-14,2026-07-17,2026-07-22,2026-07-27,2026-07-30,2026-08-04,2026-08-07,2026-08-12,2026-08-17,2026-08-20,2026-08-25,2026-08-28,2026-09-02,2026-09-08,2026-09-11,2026-09-16,2026-09-21","52.94,54.08,52.17,53.49 | 53.76,54.22,51.2,51.37 | 51.43,53.11,44.56,44.63 | 43.76,44.38,42.36,42.69 | 43.91,44.3,42.4,42.62 | 42.23,45.9,42.09,45.44 | 45.8,46.78,45.55,46.48 | 46.77,46.97,44.24,44.78 | 44.98,45.71,44.49,45.03 | 44.92,45.16,43.51,44.4 | 44.19,44.34,42.65,43.88 | 44.05,44.66,42.39,42.39 | 42.3,42.83,41.7,42.02 | 42,43.2,41.35,42.42 | 42.21,44.74,41.83,44.67 | 44.7,47.65,44.1,47.37 | 47.11,47.2,43.51,43.73 | 43.65,44.7,42.79,42.98 | 43.06,45.27,42.65,43.96 | 44.52,46.31,44.22,45.2 | 45.51,46.1,44.16,45.2 | 44.62,44.91,41.31,41.82 | 41.8,41.86,40,41.48 | 41.38,45.03,40.11,44.09 | 43.9,44.11,41.84,42.89 | 42.69,44.9,42.13,43.76 | 44.31,44.67,42.47,44.57 | 44.52,44.98,42.75,42.96 | 42.45,42.91,40.69,41.7 | 42.15,43.69,41.58,43.22 | 42.5,43.2,41.23,42.64 | 41.35,42.64,40.91,42 | 42.02,42.37,40.83,41.32 | 41.03,41.47,40.45,40.73 | 40.35,41.3,38.86,41.05 | 40.49,41.34,39.8,40.75 | 39.52,39.87,38.17,38.44 | 38.71,39.88,37.97,38.12 | 38.05,38.93,37.95,38.4 | 38.52,38.74,36.55,36.62 | 36.8,37.41,36.17,36.22 | 36.38,36.8,35.5,35.51 | 35.52,37.03,35.35,36.05",2:41.02;35:41.02 | 2:48.57;33:43.43,93
Bear Flag,bearish,Continuation,"118.39,119.25,117.7,118.62 | 118.62,119.47,118.3,118.63 | 118.63,119.58,116.78,117.17 | 117.17,117.77,114.39,115.86 | 115.86,115.95,114.74,115.06 | 115.06,115.09,110.24,110.95 | 110.95,111.71,107.08,107.6 | 107.6,107.6,103.19,103.75 | 103.75,104.17,100.32,100.65 | 100.65,100.99,97,97.71 | 97.71,101.35,97.7,99.24 | 99.24,101.39,98.28,100.42 | 100.42,102.67,100.06,102.02 | 102.02,103.69,100.31,100.98 | 100.98,101.53,98.38,99.02 | 99.02,99.64,98.35,99.52 | 99.52,101,98.27,98.4 | 98.4,101.88,97.23,101.33 | 101.33,102.85,100.2,102.74 | 102.74,104.25,101.72,103.19 | 103.19,103.53,102.79,103.44 | 103.44,104.07,100.07,100.58 | 100.58,101.14,99.92,100.79 | 100.79,102.64,99.67,102.15 | 102.15,103.76,101.93,103.44 | 103.44,105.44,103.42,105.29 | 105.29,105.83,104.5,104.85 | 104.85,105.5,103.5,103.98 | 103.98,104.02,103.11,103.21 | 103.21,103.63,99.37,100.12 | 100.12,100.69,99.2,100.23 | 100.23,100.64,99.27,99.84 | 99.84,100.55,97.1,98.16 | 98.16,98.5,94.82,95.97 | 95.97,97.39,91.7,92.3 | 92.3,92.33,90.09,90.44 | 90.44,90.49,88.48,88.73 | 88.73,88.91,86.22,86.85 | 86.85,87.49,81.95,83.26",9:97;31:102 | 11:102;31:107,"A sharp decline (the flagpole) followed by a short, orderly bounce inside a small upward-sloping channel (the flag). A break below the flag usually continues the decline by about the length of the pole.",NYSE:DIS,Daily,"2025-02-28,2025-03-03,2025-03-04,2025-03-05,2025-03-06,2025-03-07,2025-03-10,2025-03-11,2025-03-12,2025-03-13,2025-03-14,2025-03-17,2025-03-18,2025-03-19,2025-03-20,2025-03-21,2025-03-24,2025-03-25,2025-03-26,2025-03-27,2025-03-28,2025-03-31,2025-04-01,2025-04-02,2025-04-03,2025-04-04,2025-04-07,2025-04-08","111.46,113.99,111,113.8 | 114.07,115.55,112,112.79 | 111.7,112.25,108.27,109.01 | 109.34,110.94,108.22,109.31 | 108.38,108.83,105.02,105.43 | 105,105.77,103.31,105.51 | 104.43,104.8,102.11,103.08 | 99.79,101.04,97.45,98.52 | 98.68,99.49,96.38,98.76 | 97.77,98.65,95.92,96.87 | 97.44,99.1,97.42,98.64 | 98.74,100.12,98.66,99.36 | 99.27,99.72,98.47,99.35 | 99.66,100.96,99.47,100.29 | 99.57,100.05,98.64,98.86 | 98.38,99.89,97.75,99.46 | 100.22,100.44,98.86,100.18 | 100.65,101.76,100.41,101.61 | 101.7,102.27,100.26,100.78 | 100.71,101.03,99.58,100.45 | 100.05,100.39,97.74,98.07 | 96.83,98.85,95.7,98.7 | 98.32,98.59,96.84,97.68 | 96.61,98.31,96.45,97.88 | 94.51,94.78,88.61,88.84 | 86,87.54,83.08,83.53 | 80.99,86.63,80.1,83.3 | 85.95,86.95,80.85,81.72",6:95.6;22:99.33 | 8:100.92;22:102.43,95
Bear Pennant,bearish,Continuation,"118.32,118.59,116.68,116.77 | 116.77,117.02,115.76,116.42 | 116.42,116.94,115.54,115.72 | 115.72,115.96,114.07,114.11 | 114.11,114.56,113.67,114.33 | 114.33,115.33,109.76,110.28 | 110.28,110.51,107.68,107.72 | 107.72,108.08,100.8,101.73 | 101.73,101.82,99.22,99.95 | 99.95,100.16,96,97.39 | 97.39,98.72,97.14,98.37 | 98.37,102.04,97.93,101.34 | 101.34,104.5,100.79,103.86 | 103.86,103.99,101.48,102.14 | 102.14,102.35,99.18,99.29 | 99.29,100.13,97.43,98.08 | 98.08,99.42,97.29,98.85 | 98.85,100.59,98.5,100.35 | 100.35,101.45,100.32,101.01 | 101.01,103.33,100.83,102.34 | 102.34,102.89,101.13,101.59 | 101.59,102.99,100.12,101.31 | 101.31,101.77,99.1,99.95 | 99.95,101.64,99.28,100.68 | 100.68,102.32,100.05,101.03 | 101.03,102.33,100.9,101.75 | 101.75,103.06,99.8,100.85 | 100.85,102.03,100.29,100.82 | 100.82,101.33,99.92,101.19 | 101.19,101.67,100.32,100.76 | 100.76,101.8,98.06,98.64 | 98.64,99.27,95.94,97.51 | 97.51,99.09,96.83,97.88 | 97.88,98.19,94.24,95.28 | 95.28,96.04,94.51,94.54 | 94.54,94.62,90.52,91.21 | 91.21,91.65,89.49,89.97 | 89.97,90.51,87.02,88.08 | 88.08,88.22,86.08,86.16 | 86.16,86.57,84.46,84.58",9:96;31:101.2 | 11:104.7;31:101.3,A sharp decline followed by a brief pause in a small symmetrical triangle (the pennant). A break below the pennant usually continues the decline.,BITSTAMP:BTCUSD,Daily,"2022-04-30,2022-05-01,2022-05-02,2022-05-03,2022-05-04,2022-05-05,2022-05-06,2022-05-07,2022-05-08,2022-05-09,2022-05-10,2022-05-11,2022-05-12,2022-05-13,2022-05-14,2022-05-15,2022-05-16,2022-05-17,2022-05-18,2022-05-19,2022-05-20,2022-05-21,2022-05-22,2022-05-23,2022-05-24,2022-05-25,2022-05-26,2022-05-27,2022-05-28,2022-05-29,2022-05-30,2022-05-31,2022-06-01,2022-06-02,2022-06-03,2022-06-04,2022-06-05,2022-06-06,2022-06-07,2022-06-08,2022-06-09,2022-06-10,2022-06-11,2022-06-12,2022-06-13,2022-06-14,2022-06-15,2022-06-16,2022-06-17,2022-06-18,2022-06-19","38599.3,38786.95,37597.36,37639.8 | 37638.78,38672.2,37400,38488.34 | 38484.46,39153.13,38045.79,38521.01 | 38506.38,38641.57,37515.83,37729.95 | 37735.35,40050.19,37665.46,39685.23 | 39685.23,39840.37,35579.4,36533.93 | 36542.41,36648.2,35268.69,36019.22 | 36019.15,36123.99,34777.85,35463.46 | 35465.46,35496.55,33710.16,34025.5 | 34051.2,34224.35,30015,30082 | 30066.48,32650,29731.03,30999.97 | 31002.27,32148.15,27757.77,29000 | 28999.99,30090.7,25401.05,28896.19 | 28932.69,30974.6,28686.37,29238.81 | 29239.41,30281.49,28561.23,30033.96 | 30041.16,31411.48,29440.71,31295.03 | 31275.27,31275.27,29060,29832.45 | 29847.53,30753.96,29400,30425.36 | 30423.9,30670,28615.23,28681.26 | 28681.15,30505.14,28656.46,30290.33 | 30271.22,30725.56,28690.13,29176.7 | 29176.7,29621.01,28914.7,29421.05 | 29400.34,30457.58,29209.03,30264.66 | 30264.66,30628,28839.29,29081.76 | 29081.76,29810.38,28632.4,29632.15 | 29626.53,30189.7,29313.78,29510.15 | 29511.95,29853.34,28003,29183.06 | 29183.39,29360.34,28253.57,28589.48 | 28606.08,29231.9,28498.73,29010.82 | 29010.82,29561.04,28814.46,29448.94 | 29454.69,32195.68,29276.15,31731.22 | 31677.13,32375.81,31181.26,31762.76 | 31777.06,31962.79,29309.84,29787.4 | 29791.96,30688.82,29568.13,30437.18 | 30437.77,30670.07,29232.99,29669.39 | 29688.17,29948.84,29444.21,29853.51 | 29834.06,30153.18,29514.96,29888.98 | 29905.46,31737.31,29868.16,31351.21 | 31351.1,31536.11,29184.25,31115.82 | 31108.3,31310.53,29831.85,30185.58 | 30190.31,30672.56,29920.56,30089.03 | 30068.53,30333.81,28832.83,29065.66 | 29065.66,29403.62,28085.75,28390.94 | 28397.38,28523.06,26500,26585.1 | 26538.63,26845.63,21910.26,22450.43 | 22407.53,23288.88,20816.35,22097.3 | 22077.83,22756,20079.72,22555.27 | 22563.82,22957.01,20200,20382.88 | 20387.66,21325.06,20220.16,20440.7 | 20428.19,20758,17592.78,18956.8 | 18952.14,20783.48,17930.7,20552.82",12:26475.4;40:29702.66 | 14:31060.75;40:32053.75,96
Bearish Rectangle,bearish,Continuation,"113.05,113.59,108.57,109.52 | 109.52,110.07,107.01,107.2 | 107.2,107.77,103.77,104.18 | 104.18,104.32,101.32,101.35 | 101.35,101.93,98.27,98.46 | 98.46,98.46,94.07,94.65 | 94.65,94.76,92,92.78 | 92.78,94.46,92.54,94.23 | 94.23,96.24,93.79,95.57 | 95.57,96.48,95.03,96.06 | 96.06,99.48,95.21,99.11 | 99.11,100,98.61,98.94 | 98.94,99.46,97.65,97.92 | 97.92,98.24,96.79,97.56 | 97.56,98.88,94.44,94.48 | 94.48,95.09,92.17,93.23 | 93.23,94.05,92,92.44 | 92.44,94.42,92.2,93.87 | 93.87,96.71,93.25,95.9 | 95.9,97.91,95.58,97.62 | 97.62,99.25,96.92,98.71 | 98.71,100,98.57,99.53 | 99.53,100.04,97.17,97.59 | 97.59,98.61,97,97.04 | 97.04,98,94.82,95.29 | 95.29,96.49,93.08,93.65 | 93.65,94,92,92.99 | 92.99,95.14,92.5,94.1 | 94.1,95.41,93.58,94.82 | 94.82,97.58,94.23,96.99 | 96.99,99.38,96.72,99.29 | 99.29,100,98.93,99.38 | 99.38,100.06,97.28,98.2 | 98.2,98.88,96.15,96.45 | 96.45,97.23,94.83,95.46 | 95.46,95.7,92.96,93.59 | 93.59,93.78,92,92.49 | 92.49,94.38,91.97,94.15 | 94.15,96.6,93.85,95.38 | 95.38,98.14,94.89,97.77 | 97.77,100,97.32,99.29 | 99.29,99.79,97.48,97.61 | 97.61,97.8,94.66,94.74 | 94.74,95.59,93.15,93.37 | 93.37,93.4,88.48,88.93 | 88.93,89.8,86.94,88.05 | 88.05,88.14,86.94,87.16 | 87.16,88.25,85.81,86.19 | 86.19,86.54,84.1,84.39 | 84.39,84.73,84.07,84.16 | 84.16,84.49,82.11,82.65 | 82.65,83.42,82,82.22",5:92;45:92 | 9:100;42:100,"In a downtrend, price pauses and trades sideways between flat support and resistance. A breakdown below the bottom of the range continues the downtrend. Also known as a Trading Range or Consolidation.",BITSTAMP:ETHUSD,Daily,"2022-05-07,2022-05-08,2022-05-09,2022-05-10,2022-05-11,2022-05-12,2022-05-13,2022-05-14,2022-05-15,2022-05-16,2022-05-17,2022-05-18,2022-05-19,2022-05-20,2022-05-21,2022-05-22,2022-05-23,2022-05-24,2022-05-25,2022-05-26,2022-05-27,2022-05-28,2022-05-29,2022-05-30,2022-05-31,2022-06-01,2022-06-02,2022-06-03,2022-06-04,2022-06-05,2022-06-06,2022-06-07,2022-06-08,2022-06-09,2022-06-10,2022-06-11,2022-06-12,2022-06-13,2022-06-14,2022-06-15,2022-06-16","2693.18,2701.76,2585.82,2635.9 | 2634.57,2640.03,2485,2522.67 | 2520.25,2528.99,2223.12,2232.06 | 2230.99,2456.66,2198.78,2342.12 | 2340.97,2450,1997.73,2075.77 | 2082.43,2182.58,1700,1950.45 | 1950.99,2145.21,1936.34,2007.45 | 2006.65,2065.95,1947.47,2054.23 | 2053.91,2165.49,1998.13,2143.09 | 2143.73,2143.73,1976.7,2020.84 | 2021.27,2120.94,2006,2089.36 | 2089.57,2108.09,1906.73,1911.22 | 1912.77,2037.78,1901.17,2017.85 | 2018.14,2062.65,1920.93,1957.09 | 1956.99,1988.23,1935.26,1973.24 | 1974.05,2053.71,1964.06,2040.72 | 2039.93,2085,1956.04,1971.35 | 1972.87,1991.58,1910.8,1978.13 | 1976.38,2019.63,1932.03,1941.5 | 1941.11,1964.06,1735,1791.38 | 1789.97,1819.49,1700.81,1722.9 | 1728.25,1806.82,1719.97,1790.98 | 1790.98,1825,1761.71,1811.84 | 1811.57,2011.54,1801.67,1996.74 | 1996.82,2015.24,1924.04,1940.55 | 1940.91,1970.79,1759.79,1817.05 | 1816.03,1851.7,1780.61,1832.68 | 1833.5,1842.87,1735,1773.9 | 1774.1,1814.02,1747.07,1803.2 | 1804.26,1828.88,1773.67,1804.98 | 1804,1917.63,1804,1859.06 | 1858.9,1874.03,1725.21,1812.24 | 1812.87,1837.9,1764.91,1790.41 | 1791.27,1831.35,1776,1787.13 | 1785.89,1803.14,1654,1660.55 | 1660.71,1680.33,1500,1530.3 | 1532.19,1543.02,1422.67,1432.9 | 1433.85,1453.12,1164.35,1208.7 | 1204.6,1266.25,1075,1205.76 | 1205.73,1246.3,1013,1237.23 | 1235.99,1255.55,1050.63,1067.6",4:1717.9;35:1717.9 | 7:2050.12;33:2050.12,90
Descending Channel,bearish,Continuation,"111.79,112.96,109.98,110.18 | 110.18,110.29,107.6,107.98 | 107.98,108.35,105.52,105.61 | 105.61,106.01,102.98,103.7 | 103.7,103.92,101.91,102.45 | 102.45,102.49,100,100.48 | 100.48,101.32,100.2,100.37 | 100.37,103.23,99.81,102.82 | 102.82,103.42,101.65,103.31 | 103.31,105.2,102.46,105.06 | 105.06,106.12,104.44,105.62 | 105.62,106.33,104.23,104.51 | 104.51,104.69,102.36,102.81 | 102.81,103.21,100.48,100.67 | 100.67,101.57,97.84,98.04 | 98.04,98.35,96.25,97.23 | 97.23,97.52,96.98,97.22 | 97.22,99.6,96.02,99.08 | 99.08,99.61,99.04,99.15 | 99.15,101.54,99.07,101.51 | 101.51,102.38,100.67,101.25 | 101.25,102.09,100.92,101.25 | 101.25,102.12,98.88,99.01 | 99.01,99.12,95.81,96.52 | 96.52,96.59,94.01,94.16 | 94.16,94.2,92.5,93.19 | 93.19,94.1,92.81,93.94 | 93.94,95.82,93.5,95.16 | 95.16,96.14,94.44,96 | 96,97.86,95.71,97.72 | 97.72,98.62,95.61,97.57 | 97.57,98.17,96.18,96.23 | 96.23,96.29,93.09,93.49 | 93.49,94.26,92.1,92.37 | 92.37,92.68,91.17,91.49 | 91.49,91.66,88.75,89.43 | 89.43,91.06,88.89,90.12 | 90.12,91.6,89.71,90.9 | 90.9,93.24,89.9,92.59 | 92.59,93.44,92.06,92.99 | 92.99,94.88,92.65,94.27 | 94.27,95.02,91.98,92.33 | 92.33,93.34,90.36,90.57 | 90.57,91.06,89.2,89.46 | 89.46,90.24,86.14,86.24 | 86.24,86.96,85,85.78 | 85.78,87.89,85.41,87.76 | 87.76,90.16,87.75,90.11 | 90.11,91.62,90,91.56",0:101.88;48:83.88 | 0:109.88;48:91.88,"Price moves lower between two parallel, downward-sloping lines. Lower highs and lower lows define the downtrend, with the upper line acting as resistance. Also known as a Falling Channel or Down Channel.",FX:GBPUSD,Daily,"2026-01-28,2026-01-29,2026-02-01,2026-02-02,2026-02-03,2026-02-04,2026-02-05,2026-02-08,2026-02-09,2026-02-10,2026-02-11,2026-02-12,2026-02-15,2026-02-16,2026-02-17,2026-02-18,2026-02-19,2026-02-22,2026-02-23,2026-02-24,2026-02-25,2026-02-26,2026-03-01,2026-03-02,2026-03-03,2026-03-04,2026-03-05,2026-03-08,2026-03-09,2026-03-10,2026-03-11,2026-03-12,2026-03-15,2026-03-16,2026-03-17,2026-03-18,2026-03-19,2026-03-22,2026-03-23,2026-03-24,2026-03-25,2026-03-26,2026-03-29,2026-03-30,2026-03-31,2026-04-01","1.38048,1.38478,1.37421,1.38092 | 1.38092,1.38146,1.36791,1.36827 | 1.36788,1.3715,1.3623,1.36628 | 1.36628,1.37071,1.36505,1.36942 | 1.36942,1.37332,1.36396,1.36396 | 1.36396,1.3654,1.35175,1.35244 | 1.35244,1.36235,1.35085,1.36102 | 1.35875,1.37003,1.35861,1.36904 | 1.36904,1.36964,1.36386,1.36413 | 1.36413,1.37121,1.3609,1.36271 | 1.36271,1.36714,1.36043,1.36194 | 1.36194,1.36595,1.35903,1.36514 | 1.36514,1.36619,1.36249,1.36255 | 1.36255,1.36289,1.34956,1.35642 | 1.35642,1.35819,1.34851,1.34932 | 1.34932,1.35166,1.34339,1.3463 | 1.3463,1.35151,1.34346,1.3471 | 1.34835,1.35351,1.34756,1.34915 | 1.34915,1.35366,1.34698,1.34848 | 1.34848,1.35659,1.34822,1.35577 | 1.35577,1.35749,1.3445,1.3481 | 1.3481,1.3508,1.34395,1.34801 | 1.34122,1.34558,1.33142,1.34047 | 1.34047,1.3425,1.32528,1.33544 | 1.33544,1.34031,1.33031,1.33731 | 1.33731,1.33868,1.32973,1.33534 | 1.33534,1.34095,1.33112,1.34039 | 1.33339,1.3447,1.32829,1.34339 | 1.34339,1.34831,1.34121,1.34174 | 1.34174,1.34574,1.33933,1.34107 | 1.34107,1.34116,1.3338,1.33422 | 1.33422,1.33694,1.32128,1.32137 | 1.32375,1.33398,1.32203,1.33195 | 1.33195,1.33644,1.32733,1.33545 | 1.33545,1.33743,1.32522,1.32564 | 1.32564,1.34673,1.32458,1.34299 | 1.34299,1.3442,1.32986,1.33394 | 1.33098,1.34792,1.32568,1.34235 | 1.34235,1.34453,1.33521,1.3411 | 1.3411,1.34359,1.33581,1.33634 | 1.33634,1.33783,1.33101,1.33255 | 1.33255,1.33471,1.32515,1.32515 | 1.32515,1.32825,1.31737,1.31864 | 1.31864,1.32643,1.31593,1.32174 | 1.32174,1.33462,1.32168,1.32983 | 1.32983,1.33203,1.31817,1.32234",0:1.35499;45:1.3099 | 0:1.37666;45:1.33754,94
Descending Broadening Wedge,bullish,Reversal,"104.95,105.16,103.58,103.62 | 103.62,103.89,102.33,102.34 | 102.34,102.56,100.4,100.51 | 100.51,100.56,99.1,99.58 | 99.58,99.59,97.8,98.2 | 98.2,98.96,97.83,98.56 | 98.56,99.15,98.45,98.48 | 98.48,100.12,97.41,99.63 | 99.63,100.69,98.84,100.41 | 100.41,101.29,100.04,100.84 | 100.84,101.4,100.83,100.91 | 100.91,101.34,99.45,99.84 | 99.84,100.54,97.88,98.49 | 98.49,98.56,97.01,97.04 | 97.04,97.35,95.19,96.28 | 96.28,96.48,94.2,94.41 | 94.41,95.06,93,93.36 | 93.36,94.32,92.91,93.81 | 93.81,94.7,93.28,94.21 | 94.21,96.06,93.77,95.65 | 95.65,97.05,95.39,96.72 | 96.72,96.89,95.94,96.49 | 96.49,98.14,96.45,97.91 | 97.91,98.8,97.73,98.47 | 98.47,98.87,96.53,97.48 | 97.48,97.65,95.09,95.61 | 95.61,95.87,94.42,94.75 | 94.75,95.74,92.79,93.07 | 93.07,93.32,91.26,91.35 | 91.35,91.89,89.46,90.03 | 90.03,90.06,87.79,88.71 | 88.71,88.96,87,87.36 | 87.36,88.56,87.09,88.2 | 88.2,90.63,87.68,89.56 | 89.56,91.53,89.41,91.48 | 91.48,93.05,91.31,93.02 | 93.02,94.72,92.44,94.25 | 94.25,95.91,93.92,95.83 | 95.83,97.98,95.09,97.21 | 97.21,97.39,96.97,97.15 | 97.15,98.8,96.53,98.14 | 98.14,100.32,97.75,100.15 | 100.15,102,99.7,100.77 | 100.77,102.83,99.79,101.99 | 101.99,103.22,101.89,103.04 | 103.04,104.19,102.98,103.77 | 103.77,105.76,103.31,105.51 | 105.51,107.03,105.23,106.52",0:99.4;40:83.4 | 0:103.4;40:95.4,"Price falls between two downward-sloping lines that spread apart, so the swings get wider as it drops. Selling is losing control, and a break above the upper line usually leads to a rally.",AMEX:IWM,Daily,"2020-08-24,2020-08-25,2020-08-26,2020-08-27,2020-08-28,2020-08-31,2020-09-01,2020-09-02,2020-09-03,2020-09-04,2020-09-08,2020-09-09,2020-09-10,2020-09-11,2020-09-14,2020-09-15,2020-09-16,2020-09-17,2020-09-18,2020-09-21,2020-09-22,2020-09-23,2020-09-24,2020-09-25,2020-09-28,2020-09-29,2020-09-30,2020-10-01,2020-10-02,2020-10-05,2020-10-06,2020-10-07,2020-10-08,2020-10-09","155.86,156.27,154.33,156.23 | 156.81,156.82,154.79,156.4 | 156.5,156.77,155.18,155.42 | 156.12,157,154.63,155.8 | 156.6,157.2,155.73,157.12 | 157.19,157.37,155.3,155.43 | 155.22,157.31,154.45,157.21 | 157.96,158.98,156.18,158.46 | 158.12,158.29,152.96,153.78 | 155.71,155.89,149.29,152.8 | 151.18,152.48,149,149.86 | 151.43,152.78,150.57,152.13 | 152.83,153.88,150.06,150.15 | 150.92,151.05,147.68,149.15 | 150.59,153.43,150.37,153.08 | 154.38,154.69,152.86,153.37 | 154.11,156.85,153.84,154.82 | 152.62,154.4,151.75,153.69 | 153.98,155.29,151.14,153.29 | 149.82,150.25,146.33,147.92 | 148.65,149.3,146.56,149.06 | 148.41,149.43,143.98,144.07 | 144.04,146.53,142.09,144.07 | 143.44,146.85,143.35,146.41 | 148.37,150.44,146.4,150.02 | 149.85,150.28,148,149.34 | 149.9,151.97,148.49,149.79 | 150.81,152.2,149.49,152.18 | 149.41,153.58,148.99,152.85 | 154.49,157.31,154.48,157.07 | 158.5,161.01,156.34,156.62 | 158.59,160.56,158.46,160.04 | 161.72,162.28,160.58,161.86 | 163.35,163.71,161.81,162.7",0:156.5;28:138 | 0:160.64;28:154.01,94
Diamond Bottom,bullish,Reversal,"105.36,105.49,102.65,103.05 | 103.05,103.39,100.63,100.66 | 100.66,101.08,97.82,98.03 | 98.03,98.05,95.7,95.98 | 95.98,96.1,93.27,93.36 | 93.36,93.36,89.91,90.29 | 90.29,90.97,88,88.31 | 88.31,88.88,87.46,87.97 | 87.97,90.14,87.47,89.14 | 89.14,90.13,88.99,89.79 | 89.79,90.7,89.75,90.2 | 90.2,90.21,89.35,89.51 | 89.51,89.94,87.61,88.66 | 88.66,88.67,87.32,87.34 | 87.34,87.58,86.22,86.27 | 86.27,86.3,85.3,85.75 | 85.75,87.33,85.38,87.01 | 87.01,88.76,86.7,88.49 | 88.49,90.17,87.98,89.96 | 89.96,92.59,89.7,92.09 | 92.09,94.3,92.04,93.92 | 93.92,94.33,91.46,92.46 | 92.46,93.14,89.8,90.16 | 90.16,90.73,87.63,88.19 | 88.19,88.55,85.52,86.4 | 86.4,86.4,84.4,84.71 | 84.71,85.07,82,82.34 | 82.34,84.7,81.94,84.04 | 84.04,86.53,83.77,86.53 | 86.53,88.34,85.87,88.33 | 88.33,91.55,88.08,91.29 | 91.29,93.1,90.94,92.67 | 92.67,93.25,90.63,91.5 | 91.5,91.71,90.01,90.31 | 90.31,90.44,88.69,88.94 | 88.94,89.35,86.11,86.94 | 86.94,87.19,85.5,85.98 | 85.98,86.49,85.4,86.46 | 86.46,88.5,85.96,88.35 | 88.35,90.33,87.96,90.15 | 90.15,91.2,89.77,89.93 | 89.93,90.84,89.66,90.83 | 90.83,90.85,89.14,89.31 | 89.31,89.56,88.67,89.43 | 89.43,89.83,88.2,88.64 | 88.64,89.55,88.53,88.89 | 88.89,90.59,88.88,89.85 | 89.85,89.98,88.95,89.27 | 89.27,91.81,88.94,91.33 | 91.33,93.89,91.3,92.7 | 92.7,94.64,92.55,94.06 | 94.06,95.98,93.98,95.48 | 95.48,97.09,95.35,96.75 | 96.75,98.12,96.22,97.98 | 97.98,100.3,97.78,99.84 | 99.84,101.73,99.69,101.51",6:88;26:82;44:88.2 | 10:90.7;20:94.3;40:91.2,"After a downtrend, swings first widen and then narrow, tracing a diamond shape. A break above the upper right edge signals a bullish reversal. It is rare, and it can look like an inverse head and shoulders.",NASDAQ:AMZN,Daily,"2016-10-25,2016-10-26,2016-10-27,2016-10-28,2016-10-31,2016-11-01,2016-11-02,2016-11-03,2016-11-04,2016-11-07,2016-11-08,2016-11-09,2016-11-10,2016-11-11,2016-11-14,2016-11-15,2016-11-16,2016-11-17,2016-11-18,2016-11-21,2016-11-22,2016-11-23,2016-11-25,2016-11-28,2016-11-29,2016-11-30,2016-12-01,2016-12-02,2016-12-05,2016-12-06,2016-12-07,2016-12-08,2016-12-09,2016-12-12,2016-12-13,2016-12-14,2016-12-15,2016-12-16,2016-12-19,2016-12-20,2016-12-21,2016-12-22,2016-12-23,2016-12-27,2016-12-28,2016-12-29,2016-12-30,2017-01-03,2017-01-04,2017-01-05,2017-01-06,2017-01-09,2017-01-10,2017-01-11,2017-01-12,2017-01-13,2017-01-17","41.97,42.15,41.66,41.76 | 41.64,41.67,41,41.13 | 41.56,41.59,40.77,40.92 | 39.1,39.47,38.73,38.82 | 39.05,39.69,39.01,39.49 | 39.95,40.04,38.84,39.27 | 39.2,39.24,38.18,38.28 | 38.25,38.85,38.2,38.35 | 38.14,38.3,37.66,37.75 | 38.58,39.39,38.55,39.25 | 39.25,39.59,38.95,39.39 | 38.2,38.88,38,38.59 | 38.94,38.94,35.88,37.12 | 36.79,37.16,36.45,36.95 | 37.28,37.3,35.51,35.95 | 36.5,37.34,36.3,37.16 | 36.99,37.49,36.78,37.32 | 37.47,37.88,37.4,37.82 | 38.05,38.39,37.88,38.01 | 38.3,39.02,38.26,39 | 39.41,39.62,39.05,39.27 | 39.09,39.09,38.66,39.01 | 39.33,39.34,38.9,39.02 | 38.85,38.85,38.21,38.34 | 38.4,38.49,38.07,38.13 | 38.1,38.4,37.51,37.53 | 37.62,37.67,36.9,37.18 | 37.17,37.42,36.84,37.02 | 37.25,38.07,37.1,37.97 | 38.2,38.41,37.86,38.24 | 38.23,38.52,37.79,38.52 | 38.59,38.69,38.26,38.37 | 38.5,38.51,38.27,38.43 | 38.32,38.34,37.86,38.01 | 38.25,39.12,38.1,38.72 | 38.91,39.04,38.14,38.44 | 38.31,38.45,38.02,38.05 | 38.25,38.26,37.7,37.89 | 37.94,38.52,37.81,38.3 | 38.43,38.72,38.39,38.56 | 38.5,38.56,38.28,38.53 | 38.41,38.56,38.15,38.32 | 38.23,38.33,37.9,38.03 | 38.17,38.73,38.06,38.57 | 38.81,39,38.52,38.61 | 38.62,38.67,38.04,38.26 | 38.32,38.37,37.41,37.49 | 37.9,37.94,37.38,37.68 | 37.92,37.98,37.71,37.86 | 38.08,39.12,38.01,39.02 | 39.12,39.97,38.92,39.8 | 39.9,40.09,39.59,39.85 | 39.83,39.9,39.48,39.8 | 39.68,39.98,39.48,39.95 | 40.02,40.71,39.98,40.68 | 40.72,41.08,40.57,40.86 | 40.78,40.8,40.17,40.49",8:37.66;27:36.84;47:37.38 | 10:39.59;20:39.62;44:39,88
V-Bottom,bullish,Reversal,"101.95,102.5,100.04,100.47 | 100.47,100.74,100,100.34 | 100.34,100.49,98.54,99.37 | 99.37,99.38,97.66,98.69 | 98.69,99.83,97.4,98.19 | 98.19,98.54,96.74,96.89 | 96.89,97.54,95.99,96 | 96,97.05,95.91,95.97 | 95.97,96.34,94.63,94.97 | 94.97,95.95,93.84,94.13 | 94.13,95.29,91.77,92.7 | 92.7,92.9,91.09,91.47 | 91.47,92.09,89.95,89.95 | 89.95,90.22,89.16,89.46 | 89.46,89.57,88,88.05 | 88.05,88.33,86.52,86.89 | 86.89,87.42,84.21,84.32 | 84.32,85.02,83.22,83.36 | 83.36,83.56,81.96,82.46 | 82.46,82.91,81.5,81.62 | 81.62,81.82,80,80.77 | 80.77,81.63,80.38,81.62 | 81.62,82.15,81.5,82.1 | 82.1,84.42,81.73,84.15 | 84.15,85.32,83.71,84.97 | 84.97,86.68,84.43,86.36 | 86.36,87.62,86.3,87.4 | 87.4,89.29,87.23,89.21 | 89.21,89.81,88.88,89.62 | 89.62,92.18,88.86,91.78 | 91.78,92.84,91.53,92.57 | 92.57,95.15,91.97,94 | 94,95.56,93.71,95.08 | 95.08,96.46,94.88,95.96 | 95.96,96.62,95.82,96.61 | 96.61,97.84,96.42,97.3 | 97.3,98.58,97.05,98.42 | 98.42,99.19,97.31,98.77 | 98.77,99.42,98.41,98.96 | 98.96,100.46,98.75,99.9 | 99.9,100.89,99.26,100.65",,"A sharp decline followed immediately by an equally sharp rally, with no basing period at the bottom. Often driven by news or capitulation. Also known as a Spike Bottom or V-Reversal.",NASDAQ:NFLX,Daily,"2017-07-21,2017-07-24,2017-07-25,2017-07-26,2017-07-27,2017-07-28,2017-07-31,2017-08-01,2017-08-02,2017-08-03,2017-08-04,2017-08-07,2017-08-08,2017-08-09,2017-08-10,2017-08-11,2017-08-14,2017-08-15,2017-08-16,2017-08-17,2017-08-18,2017-08-21,2017-08-22,2017-08-23,2017-08-24,2017-08-25,2017-08-28,2017-08-29,2017-08-30,2017-08-31,2017-09-01,2017-09-05,2017-09-06,2017-09-07,2017-09-08,2017-09-11,2017-09-12,2017-09-13,2017-09-14,2017-09-15,2017-09-18,2017-09-19,2017-09-20,2017-09-21,2017-09-22","18.272,19.15,18.271,18.854 | 18.8685,19.025,18.701,18.791 | 18.779,18.866,18.581,18.697 | 18.77,18.9704,18.751,18.908 | 18.989,19,17.938,18.268 | 18.2,18.503,18.118,18.404 | 18.426,18.4974,18.065,18.166 | 18.249,18.462,18.143,18.203 | 18.222,18.257,17.7815,18.074 | 18.053,18.1225,17.802,17.923 | 17.96,18.1,17.85,18.027 | 18.1,18.227,17.91,18.133 | 18.137,18.191,17.745,17.836 | 17.143,17.596,17.001,17.578 | 17.403,17.445,16.76,16.914 | 16.986,17.258,16.9,17.14 | 16.98,17.245,16.88,17.1 | 17.153,17.188,16.825,16.85 | 16.75,17.05,16.625,16.998 | 16.923,17.058,16.572,16.609 | 16.595,16.997,16.58,16.654 | 16.691,16.899,16.423,16.676 | 16.776,16.993,16.704,16.934 | 16.835,16.964,16.67,16.906 | 16.986,17.1236,16.615,16.813 | 16.858,16.875,16.55,16.595 | 16.643,16.867,16.56,16.712 | 16.5,16.968,16.473,16.881 | 16.95,17.485,16.937,17.469 | 17.545,17.624,17.386,17.471 | 17.555,17.648,17.392,17.474 | 17.34,17.588,17.244,17.452 | 17.525,17.946,17.373,17.925 | 17.88,18.035,17.71,17.9 | 17.845,18.039,17.625,17.642 | 17.81,18.247,17.803,18.174 | 18.255,18.533,18.0644,18.515 | 18.407,18.45,18.255,18.364 | 18.325,18.5288,18.207,18.263 | 18.273,18.493,18.143,18.235 | 18.361,18.545,18.273,18.462 | 18.498,18.623,18.417,18.568 | 18.61,18.65,18.32,18.551 | 18.582,18.995,18.451,18.878 | 18.84,18.985,18.639,18.735",,97
Island Reversal Bottom,bullish,Reversal,"103.33,103.44,102.73,102.93 | 102.93,102.93,101.64,101.86 | 101.86,101.87,100.58,100.78 | 100.78,101.14,100.08,100.15 | 100.15,100.62,99.27,99.46 | 99.46,99.86,97.97,97.98 | 97.98,98.83,97.29,97.32 | 97.32,97.68,96.77,97.14 | 97.14,97.28,95.22,95.86 | 95.86,97.37,94.69,95.07 | 95.07,95.46,94.35,94.41 | 94.41,94.59,92.14,92.76 | 92.76,93.68,92.57,93.07 | 93.07,93.07,90.49,91.21 | 91.21,91.66,90.16,90.58 | 86,89.66,85.94,86.49 | 86.49,86.53,84.92,85.25 | 85.25,85.69,84.5,85.52 | 85.52,85.52,84.99,85 | 85,85.5,84.77,85.1 | 85.1,85.42,83.94,83.99 | 83.99,85.59,83.99,84.73 | 89.4,89.72,89.2,89.57 | 89.57,90.45,88.79,90.33 | 90.33,91.38,89.85,90.7 | 90.7,93.08,90.52,92.72 | 92.72,94.29,92.59,93.95 | 93.95,95.25,93.86,95.11 | 95.11,96.86,94.78,96.84 | 96.84,97.71,96.83,97.43 | 97.43,99.58,97.26,98.66 | 98.66,99.52,98.34,99.47 | 99.47,100.53,99.31,100.37",13:88.2;24:88.2,"After a downtrend, price gaps down, trades for a few sessions, then gaps up, leaving the cluster isolated like an island between two gaps. It signals a sharp bullish reversal.",NASDAQ:INTC,Daily,"2025-07-10,2025-07-11,2025-07-14,2025-07-15,2025-07-16,2025-07-17,2025-07-18,2025-07-21,2025-07-22,2025-07-23,2025-07-24,2025-07-25,2025-07-28,2025-07-29,2025-07-30,2025-07-31,2025-08-01,2025-08-04,2025-08-05,2025-08-06,2025-08-07,2025-08-08,2025-08-11,2025-08-12,2025-08-13,2025-08-14,2025-08-15,2025-08-18,2025-08-19,2025-08-20","23.63,24.04,23.48,23.82 | 23.56,23.66,23.16,23.43 | 23.24,23.4,22.88,23.3 | 23.57,23.78,22.9,22.92 | 22.99,23.13,22.25,22.69 | 22.66,23.05,22.59,22.8 | 23.22,23.59,22.9,23.1 | 23.4,23.83,23.16,23.26 | 23.34,23.54,23.08,23.24 | 23.25,23.62,22.92,23.49 | 23.49,23.57,22.6,22.63 | 20.68,21.05,20.36,20.7 | 20.82,21.29,20.65,20.68 | 20.69,20.84,20.34,20.41 | 20.43,20.62,20.08,20.34 | 20.17,20.23,19.66,19.8 | 19.5,19.55,18.96,19.31 | 19.52,19.59,19.35,19.5 | 19.7,20.54,19.68,20.19 | 20.12,20.48,19.87,20.41 | 20,20.44,19.6,19.77 | 20,20.02,19.61,19.95 | 20.45,21.6,20.44,20.65 | 21.2,21.86,20.76,21.81 | 21.62,22.3,21.36,22.22 | 21.99,24.2,21.9,23.86 | 25.01,25.64,24.11,24.56 | 24,24.9,23.21,23.66 | 24.94,26.53,24.94,25.31 | 24.9,24.93,23.33,23.54",12:20.62;22:20.62,
Bump and Run Reversal Bottom,bullish,Reversal,"104.48,104.82,103.74,104.2 | 104.2,104.27,103.67,103.76 | 103.76,103.9,102.9,103.57 | 103.57,104.1,103.08,103.34 | 103.34,104.07,100.89,102.19 | 102.19,102.55,101.43,101.73 | 101.73,102.12,101.49,101.89 | 101.89,102.04,100.93,101.72 | 101.72,101.93,100.68,100.75 | 100.75,101.03,100.28,100.98 | 100.98,101.11,99.88,100.19 | 100.19,101.41,100.17,100.84 | 100.84,100.94,99.64,99.99 | 99.99,100.19,99.89,99.95 | 99.95,100.37,98.04,98.26 | 98.26,98.33,97.48,98.16 | 98.16,98.34,96.11,96.77 | 96.77,97.4,95.54,95.58 | 95.58,95.76,94.28,94.69 | 94.69,94.78,93.12,93.28 | 93.28,93.3,91.72,92.06 | 92.06,92.17,90.26,90.73 | 90.73,90.75,89.34,89.42 | 89.42,89.73,88.28,88.43 | 88.43,88.96,86.68,86.79 | 86.79,86.85,84.3,85.39 | 85.39,85.71,84.62,85.08 | 85.08,85.7,85,85.53 | 85.53,86.33,85.21,86.01 | 86.01,86.91,85.64,86.79 | 86.79,88.34,86.7,87.78 | 87.78,89.46,87.3,89.12 | 89.12,89.77,88.84,89.66 | 89.66,91.35,89.36,91.03 | 91.03,92.33,90.71,92.13 | 92.13,92.47,90.45,90.8 | 90.8,91.83,90.38,91.68 | 91.68,92.85,91.07,92.53 | 92.53,93.75,92.15,93.55 | 93.55,94.92,93.21,94.3 | 94.3,95.3,93.82,94.51 | 94.51,96.18,94.49,96.11 | 96.11,98.26,95.87,97.51 | 97.51,98.62,97.4,98.13 | 98.13,98.6,97.86,98.54 | 98.54,100.89,98.54,100.63 | 100.63,101.43,100.54,101.35 | 101.35,102.67,101.07,102.45",0:104.4;42:91,"A gentle downtrend is followed by a steep, panicky drop (the bump), which then recovers back through the original trendline (the run). A break above the lead-in trendline signals a bullish reversal. Developed by Thomas Bulkowski.",NASDAQ:AAPL,5-day,"2018-08-20,2018-08-27,2018-09-04,2018-09-11,2018-09-18,2018-09-25,2018-10-02,2018-10-09,2018-10-16,2018-10-23,2018-10-30,2018-11-06,2018-11-13,2018-11-20,2018-11-28,2018-12-06,2018-12-13,2018-12-20,2018-12-28,2019-01-07,2019-01-14,2019-01-22,2019-01-29,2019-02-05,2019-02-12,2019-02-20,2019-02-27,2019-03-06,2019-03-13,2019-03-20,2019-03-27,2019-04-03,2019-04-10,2019-04-17,2019-04-25","54.52,54.8,53.46,54.04 | 54.29,57.22,54.08,56.91 | 57.1,57.42,54.12,54.58 | 54.5,57.09,54.14,54.47 | 54.45,55.57,53.83,55.2 | 54.94,57.35,54.92,56.81 | 56.81,58.37,55.05,55.94 | 55.91,56.82,53.08,54.34 | 54.73,55.84,53.25,55.16 | 53.96,56.06,51.52,53.06 | 52.79,55.59,49.54,50.4 | 50.48,52.53,48.45,48.54 | 47.91,49.3,46.25,46.47 | 44.59,45.37,42.56,43.56 | 44.18,46.23,43.73,44.17 | 42.94,43.7,40.83,42.27 | 42.62,43.14,39.77,40.22 | 40.1,40.53,36.65,39.04 | 39.38,39.84,35.5,37.06 | 37.17,38.63,36.48,38.07 | 37.71,39.47,37.3,39.2 | 39.1,39.53,37.92,39.08 | 39.06,42.91,38.53,42.81 | 43.22,43.89,42.1,42.36 | 42.52,43.12,42.34,42.73 | 42.8,43.97,42.58,43.58 | 43.3,44.44,43.18,43.88 | 43.67,45.67,42.38,45.23 | 45.56,47.25,45.23,46.63 | 46.56,49.42,46.15,46.7 | 47.19,48.62,46.64,48.51 | 48.31,50.71,48.28,49.88 | 49.67,50.34,49.05,49.81 | 49.88,52.12,49.65,51.79 | 51.71,53.83,49.78,52.63",0:56.83;30:43.08,97
Measured Move Down,bearish,Continuation,"109.72,109.88,108.11,108.88 | 108.88,109.15,107.65,107.8 | 107.8,108.06,107.22,107.62 | 107.62,108.25,106.91,107.02 | 107.02,107.44,105.69,106.01 | 106.01,106.13,102.94,103.89 | 103.89,104.37,102.97,103.41 | 103.41,103.7,101.29,102.31 | 102.31,102.58,100.59,101.47 | 101.47,101.49,100.16,100.41 | 100.41,100.58,98.68,98.69 | 98.69,98.78,97.26,97.45 | 97.45,97.69,96.71,96.74 | 96.74,96.96,95.17,95.17 | 95.17,95.2,94,95.14 | 95.14,95.7,94.04,94.67 | 94.67,95.84,94.35,95.46 | 95.46,96.86,95.02,96.58 | 96.58,98.19,96.22,98.1 | 98.1,99,98.02,98.64 | 98.64,99.55,98.4,98.98 | 98.98,100.37,98.83,99.09 | 99.09,100,98.42,99.47 | 99.47,100.22,98.93,99.31 | 99.31,100.23,97.32,97.84 | 97.84,97.99,96.89,97.1 | 97.1,97.41,95.55,95.75 | 95.75,96.54,94.45,94.71 | 94.71,95.13,93.47,94.41 | 94.41,95.45,92.08,92.13 | 92.13,93.39,90.61,91.2 | 91.2,91.38,89.52,90.37 | 90.37,90.93,89.76,89.77 | 89.77,89.79,88.28,88.77 | 88.77,88.79,86.31,86.93 | 86.93,87.79,85.34,85.38 | 85.38,85.62,83.97,84.78",,"A decline, a bounce, then a second decline of roughly the same size as the first. The first leg is used to project the target for the second. Also known as an ABC move down.",AMEX:IWM,Daily,"2023-07-28,2023-07-31,2023-08-01,2023-08-02,2023-08-03,2023-08-04,2023-08-07,2023-08-08,2023-08-09,2023-08-10,2023-08-11,2023-08-14,2023-08-15,2023-08-16,2023-08-17,2023-08-18,2023-08-21,2023-08-22,2023-08-23,2023-08-24,2023-08-25,2023-08-28,2023-08-29,2023-08-30,2023-08-31,2023-09-01,2023-09-05,2023-09-06,2023-09-07,2023-09-08,2023-09-11,2023-09-12,2023-09-13,2023-09-14,2023-09-15,2023-09-18,2023-09-19,2023-09-20,2023-09-21,2023-09-22,2023-09-25,2023-09-26,2023-09-27","196.02,196.95,195.5,196.43 | 196.93,198.75,196.91,198.71 | 197.43,197.94,195.78,197.8 | 195.59,196.09,194.09,195.11 | 194.3,195.64,193.06,194.56 | 194.82,196.31,193.71,194.17 | 194.66,195.06,192.68,194.3 | 192.14,193.29,190.52,193.08 | 192.87,192.88,190.75,191.57 | 192.24,194.12,189.89,190.72 | 189.92,191.69,189.74,190.99 | 189.94,190.7,188.64,190.66 | 189.52,189.64,188.03,188.14 | 187.99,189.06,185.81,185.84 | 186.34,186.74,183.63,183.65 | 182.21,185.25,181.94,184.65 | 184.7,185.28,183.07,184.38 | 185.04,185.54,183.22,183.83 | 184,186.11,183.43,185.79 | 185.25,186.34,183.2,183.22 | 184.06,185,181.61,184 | 184.84,186.75,184.82,185.64 | 185.54,188.37,184.57,188.23 | 187.73,189.61,187.33,188.94 | 189.2,190.25,188.53,188.61 | 190.07,191.86,189.85,190.85 | 189.65,189.9,186.77,186.83 | 187.06,188.09,185.09,186.13 | 185.14,185.38,183.59,184.33 | 184.56,184.83,183.45,183.92 | 185.26,185.72,184.2,184.36 | 184.04,185.34,183.74,184.18 | 184.5,184.88,182.39,182.97 | 184.53,186.07,184.24,185.55 | 184.79,185.07,182.79,183.61 | 183.7,183.76,182.37,182.39 | 182.49,183.3,181.07,181.68 | 182.4,183.51,179.82,179.86 | 178.5,178.75,177.07,177.07 | 177.56,178.37,176.56,176.67 | 175.69,177.86,175.54,177.46 | 175.5,177.02,174.29,174.36 | 175.45,176.93,174.46,175.99",,97
Bearish ABCD,bearish,Reversal,"86.35,87.25,86.15,86.85 | 86.85,87.58,86.29,87.45 | 87.45,88.94,87.34,88.07 | 88.07,88.75,87.72,88.54 | 88.54,91.21,88.46,90.84 | 90.84,92.2,90.69,92.15 | 92.15,95.5,91.78,94.51 | 94.51,96.5,94.21,96.19 | 96.19,97.46,95.71,97.33 | 97.33,99.26,96.29,98.99 | 98.99,101,98.95,100.67 | 100.67,100.91,99.76,100.1 | 100.1,100.64,98.36,98.61 | 98.61,99.25,97.78,97.82 | 97.82,98.01,96.59,96.84 | 96.84,97.26,95.26,95.55 | 95.55,96.26,93.86,94.17 | 94.17,94.34,93,93.77 | 93.77,94.79,93.53,94.3 | 94.3,95.98,94.3,95.76 | 95.76,97.98,95.47,96.92 | 96.92,98.47,96.37,98.3 | 98.3,99.18,98.02,99.1 | 99.1,101.5,98.91,101.28 | 101.28,102.95,100.73,102.77 | 102.77,103.64,102.55,103.15 | 103.15,104.65,102.89,104.44 | 104.44,106,104.04,105.62 | 105.62,105.84,104.5,104.79 | 104.79,104.85,103.53,103.92 | 103.92,104.4,102.15,102.37 | 102.37,102.48,101.11,101.6 | 101.6,102.19,100.08,100.18 | 100.18,100.36,99.32,99.57 | 99.57,100.15,97.3,97.71",0:87;10:101;17:93;27:106,"Price rises from A to B, pulls back part of the move to C, then rises from C to D by about the same distance as A to B. The completion at D marks a likely bearish reversal. Also known as AB=CD.",NYSE:JPM,3-day,"2016-11-11,2016-11-16,2016-11-21,2016-11-25,2016-11-30,2016-12-05,2016-12-08,2016-12-13,2016-12-16,2016-12-21,2016-12-27,2016-12-30,2017-01-05,2017-01-10,2017-01-13,2017-01-19,2017-01-24,2017-01-27,2017-02-01,2017-02-06,2017-02-09,2017-02-14,2017-02-17,2017-02-23,2017-02-28,2017-03-03,2017-03-08,2017-03-13,2017-03-16,2017-03-21,2017-03-24,2017-03-29","76.3,80.44,75.77,79.36 | 78.22,78.45,76.88,77.71 | 78,79.24,77.29,78.86 | 79.1,79.45,78.02,78.92 | 79.92,82.28,79.7,81.6 | 82.3,84.09,82.29,84.07 | 84.23,85.79,83.94,84.73 | 84.98,86.49,83.76,86 | 86.29,86.54,84.19,86.53 | 86.43,87.17,86.03,87.05 | 87.05,87.39,85.04,85.89 | 86.1,87.76,85.66,86.91 | 86.81,87.11,85.26,86.18 | 86.07,87.27,85.72,86.24 | 87.11,88.17,83.03,83.94 | 84.06,84.67,83.12,83.71 | 83.92,86.95,83.56,86.75 | 86.66,86.98,84.09,84.63 | 85.54,87.31,84.16,87.18 | 86.79,87.45,85.37,85.96 | 86.42,88.74,86.13,88.15 | 88.3,91.04,88.11,90.53 | 89.82,91.3,89.69,91.06 | 91.18,91.34,89.73,90.43 | 89.84,93.98,89.58,92.14 | 92.23,93.11,91.1,91.41 | 92.68,92.85,90.53,91.28 | 91.31,92.55,90.77,91.73 | 92.03,92.81,89.79,90.03 | 90.36,90.64,86.01,87.39 | 87.79,89.02,85.23,88.6 | 88.6,89.46,87.75,87.84",0:80.44;11:87.76;14:83.03;24:93.98,96
Bearish Gartley,bearish,Reversal,"107.31,107.35,104.58,104.63 | 104.63,105.38,102.5,103.14 | 103.14,103.61,100.45,101.2 | 101.2,101.5,98.72,98.81 | 98.81,98.96,95.57,96.47 | 96.47,96.79,95,95.61 | 95.61,95.77,93.28,93.45 | 93.45,93.56,90.71,90.81 | 90.81,91.09,88.09,88.9 | 88.9,89.12,86.71,87.1 | 87.1,87.39,85,86.08 | 86.08,88.43,86,87.75 | 87.75,89.6,87.12,89.45 | 89.45,91.9,89.14,91.23 | 91.23,93.36,90.98,93.15 | 93.15,96.16,92.62,95.64 | 95.64,97.4,95.1,96.79 | 96.79,96.82,95.2,96.14 | 96.14,96.24,94.81,95.49 | 95.49,95.79,93.48,94.08 | 94.08,94.24,92.35,92.6 | 92.6,92.69,90.15,90.54 | 90.54,90.78,90,90.29 | 90.29,91.53,89.84,91.04 | 91.04,92.09,91.04,91.72 | 91.72,93.71,91.45,93.53 | 93.53,95.03,93.07,94.71 | 94.71,95.81,94.28,95.7 | 95.7,96.8,95.48,96.66 | 96.66,97.88,96.42,97.66 | 97.66,99.66,97.37,98.87 | 98.87,100.16,98.46,99.76 | 99.76,100.7,99.33,100.07 | 100.07,100.27,99.41,99.53 | 99.53,99.99,98.03,98.18 | 98.18,98.21,97.04,97.6 | 97.6,98.03,96.38,96.6 | 96.6,96.94,94.87,95.12 | 95.12,95.3,93.75,94.16 | 94.16,95.28,91.28,92.44 | 92.44,93.47,91.59,92.03",0:105;10:85;16:97.4;22:90;32:100.7 | 0:105;16:97.4 | 16:97.4;32:100.7,"The mirror image of the bullish Gartley: X-A-B-C-D where B retraces 61.8% of XA and D completes at the 78.6% retracement of XA, near a potential selling zone. Also known as the 222 pattern.",NASDAQ:AMD,2-day,"2024-07-09,2024-07-11,2024-07-15,2024-07-17,2024-07-19,2024-07-23,2024-07-25,2024-07-29,2024-07-31,2024-08-02,2024-08-06,2024-08-08,2024-08-12,2024-08-14,2024-08-16,2024-08-20,2024-08-22,2024-08-26,2024-08-28,2024-08-30,2024-09-04,2024-09-06,2024-09-10,2024-09-12,2024-09-16,2024-09-18,2024-09-20,2024-09-24,2024-09-26,2024-09-30,2024-10-02,2024-10-04,2024-10-08,2024-10-10,2024-10-14,2024-10-16,2024-10-18,2024-10-22,2024-10-24","177.97,187.28,174.7,183.96 | 184.07,187.11,177.25,181.61 | 184.45,185.5,174.53,177.55 | 169.8,169.8,153.2,155.77 | 154.86,156.7,150.62,155.87 | 154.95,157.05,144.53,144.63 | 144.07,144.75,136.81,139.99 | 141.19,144.59,134.05,138.44 | 150.73,153.6,130.24,132.54 | 133.5,139.14,121.83,134.82 | 135.15,136.44,128.37,128.67 | 131.97,136.48,128.94,134.27 | 134.44,141.19,133.23,141.13 | 143,147.96,137.64,147.36 | 145.7,155.37,145.2,155.28 | 156.49,162.04,154.51,157.81 | 158.87,159.84,151.01,154.98 | 154.7,158.28,148.44,150.5 | 149.4,150.43,144.47,145.49 | 147.52,148.99,136.1,136.94 | 140.5,143.37,137.83,139.44 | 138.7,139.13,132.11,138.15 | 139.06,150.16,137.25,149.86 | 148.43,153.03,147.65,152.31 | 151.7,154.44,149.22,150.82 | 150.9,159.25,148.01,156.74 | 156,157.45,152.47,156.75 | 157.46,162.95,154.58,162.02 | 167.06,168.73,163.74,164.35 | 163.1,165.4,158.08,159.75 | 159.31,166.79,158.67,162.85 | 166.53,172.41,164.42,170.97 | 171.75,174.05,169.55,171.02 | 169.76,172.01,162,167.89 | 167.77,168.9,155.74,156.64 | 158.07,160.44,154.92,156.25 | 157.41,158.01,154.15,157.9 | 156.6,156.74,150.52,152.91 | 154.74,158.91,152.35,156.23",0:187.28;9:121.83;15:162.04;21:132.11;32:174.05,93
